タイトル,メモ,URL,タグ,コメント
,,,,
うらしま堂渡辺つり具店,,https://www.google.com/maps/place/%E3%81%86%E3%82%89%E3%81%97%E3%81%BE%E5%A0%82%E6%B8%A1%E8%BE%BA%E3%81%A4%E3%82%8A%E5%85%B7%E5%BA%97/data=!4m2!3m1!1s0x601f3249d15ae8ab:0x1e19456988e1604f,,
長谷部釣具店,,https://www.google.com/maps/place/%E9%95%B7%E8%B0%B7%E9%83%A8%E9%87%A3%E5%85%B7%E5%BA%97/data=!4m2!3m1!1s0x601f2c153318d267:0xd8c81826e83da9d4,,
ドリームフィッシュ,,https://www.google.com/maps/place/%E3%83%89%E3%83%AA%E3%83%BC%E3%83%A0%E3%83%95%E3%82%A3%E3%83%83%E3%82%B7%E3%83%A5/data=!4m2!3m1!1s0x6018d28deb428c3b:0xd3cd82ca4ffb12e0,,
シバタ釣具店 羽生店,,https://www.google.com/maps/place/%E3%82%B7%E3%83%90%E3%82%BF%E9%87%A3%E5%85%B7%E5%BA%97+%E7%BE%BD%E7%94%9F%E5%BA%97/data=!4m2!3m1!1s0x601f330983ac7c6f:0x4f4c53cb75e321a6,,
ディスカウント江商,,https://www.google.com/maps/place/%E3%83%87%E3%82%A3%E3%82%B9%E3%82%AB%E3%82%A6%E3%83%B3%E3%83%88%E6%B1%9F%E5%95%86/data=!4m2!3m1!1s0x6018cce58f932e3d:0x350b112c7fdb4516,,
フィッシュ・オン幸手店,,https://www.google.com/maps/place/%E3%83%95%E3%82%A3%E3%83%83%E3%82%B7%E3%83%A5%E3%83%BB%E3%82%AA%E3%83%B3%E5%B9%B8%E6%89%8B%E5%BA%97/data=!4m2!3m1!1s0x6018b6453eb904fb:0xde3bbf4926e0ca7c,,
小山釣具店,,https://www.google.com/maps/place/%E5%B0%8F%E5%B1%B1%E9%87%A3%E5%85%B7%E5%BA%97/data=!4m2!3m1!1s0x6018b6453eb904fb:0xa90062a990b1635a,,
つり具 マンタツ,,https://www.google.com/maps/place/%E3%81%A4%E3%82%8A%E5%85%B7+%E3%83%9E%E3%83%B3%E3%82%BF%E3%83%84/data=!4m2!3m1!1s0x6018b50072b5c2ef:0x2566351ac169eb38,,
鈴木釣具店,,https://www.google.com/maps/place/%E9%88%B4%E6%9C%A8%E9%87%A3%E5%85%B7%E5%BA%97/data=!4m2!3m1!1s0x6018bd7d9a2b020d:0x92304d09a30931bd,,
中古釣具店 アクアマリン,,https://www.google.com/maps/place/%E4%B8%AD%E5%8F%A4%E9%87%A3%E5%85%B7%E5%BA%97+%E3%82%A2%E3%82%AF%E3%82%A2%E3%83%9E%E3%83%AA%E3%83%B3/data=!4m2!3m1!1s0x6018bed5de7795e9:0x2d560869d13539f0,,
高橋釣具店,,https://www.google.com/maps/place/%E9%AB%98%E6%A9%8B%E9%87%A3%E5%85%B7%E5%BA%97/data=!4m2!3m1!1s0x6018bc1b5efe9249:0x65dc2ac20638dc04,,
へら鮒かわせみ,,https://www.google.com/maps/place/%E3%81%B8%E3%82%89%E9%AE%92%E3%81%8B%E3%82%8F%E3%81%9B%E3%81%BF/data=!4m2!3m1!1s0x6018967b44edcc59:0x9e730f780b83dba3,,
オイカワ釣具,,https://www.google.com/maps/place/%E3%82%AA%E3%82%A4%E3%82%AB%E3%83%AF%E9%87%A3%E5%85%B7/data=!4m2!3m1!1s0x6018960d6205f5fb:0xaa9dad7eb8c91bca,,
WILD-1 越谷レイクタウン店,,https://www.google.com/maps/place/WILD-1+%E8%B6%8A%E8%B0%B7%E3%83%AC%E3%82%A4%E3%82%AF%E3%82%BF%E3%82%A6%E3%83%B3%E5%BA%97/data=!4m2!3m1!1s0x6018971ce1db0a69:0x901a451b502094d8,,
つり具ダイスケ,,https://www.google.com/maps/place/%E3%81%A4%E3%82%8A%E5%85%B7%E3%83%80%E3%82%A4%E3%82%B9%E3%82%B1/data=!4m2!3m1!1s0x601899e29e67e7fb:0xf193fb383b5276e7,,
ビーズブーン,,https://www.google.com/maps/place/%E3%83%93%E3%83%BC%E3%82%BA%E3%83%96%E3%83%BC%E3%83%B3/data=!4m2!3m1!1s0x601891003910ec0b:0xf73f4d9c2c55a1b0,,
フィッシングフールグランパ,,https://www.google.com/maps/place/%E3%83%95%E3%82%A3%E3%83%83%E3%82%B7%E3%83%B3%E3%82%B0%E3%83%95%E3%83%BC%E3%83%AB%E3%82%B0%E3%83%A9%E3%83%B3%E3%83%91/data=!4m2!3m1!1s0x60188fe383940fd5:0x7046ffb502c2684c,,
六木釣具,,https://www.google.com/maps/place/%E5%85%AD%E6%9C%A8%E9%87%A3%E5%85%B7/data=!4m2!3m1!1s0x6018901b51b7f51f:0x99c21da96a1bc44c,,
かまや釣具店,,https://www.google.com/maps/place/%E3%81%8B%E3%81%BE%E3%82%84%E9%87%A3%E5%85%B7%E5%BA%97/data=!4m2!3m1!1s0x601891190a3cdeb3:0x3518d3a1ab7fee3e,,
日の丸釣具 保木間店,,https://www.google.com/maps/place/%E6%97%A5%E3%81%AE%E4%B8%B8%E9%87%A3%E5%85%B7+%E4%BF%9D%E6%9C%A8%E9%96%93%E5%BA%97/data=!4m2!3m1!1s0x601891cbb2a5979b:0x1d35312715c08631,,
FLYSHOP ROCKS,,https://www.google.com/maps/place/FLYSHOP+ROCKS/data=!4m2!3m1!1s0x6018912259c448f1:0x7f523fa8709ec245,,
越谷タックルアイランド・バス＆トラウト,,https://www.google.com/maps/place/%E8%B6%8A%E8%B0%B7%E3%82%BF%E3%83%83%E3%82%AF%E3%83%AB%E3%82%A2%E3%82%A4%E3%83%A9%E3%83%B3%E3%83%89%E3%83%BB%E3%83%90%E3%82%B9%EF%BC%86%E3%83%88%E3%83%A9%E3%82%A6%E3%83%88/data=!4m2!3m1!1s0x60189711bdc445d1:0x467448f7d7baf3d8,,
(株)誠屋釣具店 分店,,https://www.google.com/maps/place/(%E6%A0%AA)%E8%AA%A0%E5%B1%8B%E9%87%A3%E5%85%B7%E5%BA%97+%E5%88%86%E5%BA%97/data=!4m2!3m1!1s0x6018943323d49dd3:0x8eeefb0f37c2f0dc,,
工房浦安（久留 隼人）,,https://www.google.com/maps/place/%E5%B7%A5%E6%88%BF%E6%B5%A6%E5%AE%89%EF%BC%88%E4%B9%85%E7%95%99+%E9%9A%BC%E4%BA%BA%EF%BC%89/data=!4m2!3m1!1s0x6018910077a5245b:0x9dfc58d7cd819971,,
釣具のジャイアント 草加店,,https://www.google.com/maps/place/%E9%87%A3%E5%85%B7%E3%81%AE%E3%82%B8%E3%83%A3%E3%82%A4%E3%82%A2%E3%83%B3%E3%83%88+%E8%8D%89%E5%8A%A0%E5%BA%97/data=!4m2!3m1!1s0x6018914e75e069ab:0x343d778f5bb8ac32,,
(有)アルファフィッシング,,https://www.google.com/maps/place/(%E6%9C%89)%E3%82%A2%E3%83%AB%E3%83%95%E3%82%A1%E3%83%95%E3%82%A3%E3%83%83%E3%82%B7%E3%83%B3%E3%82%B0/data=!4m2!3m1!1s0x601894787effef15:0x41974a7f6c0f530b,,
グラスアイインターナショナル,,https://www.google.com/maps/place/%E3%82%B0%E3%83%A9%E3%82%B9%E3%82%A2%E3%82%A4%E3%82%A4%E3%83%B3%E3%82%BF%E3%83%BC%E3%83%8A%E3%82%B7%E3%83%A7%E3%83%8A%E3%83%AB/data=!4m2!3m1!1s0x6018937387d4a703:0x2e0eae0dc28114a0,,
UKCarp,,https://www.google.com/maps/place/UKCarp/data=!4m2!3m1!1s0x601894b09e19c3e7:0xe1454da7ecdb03d3,,
飯田釣具店,,https://www.google.com/maps/place/%E9%A3%AF%E7%94%B0%E9%87%A3%E5%85%B7%E5%BA%97/data=!4m2!3m1!1s0x6018949666f4485d:0x76e53a5bee4d8b37,,
伊田釣具店,,https://www.google.com/maps/place/%E4%BC%8A%E7%94%B0%E9%87%A3%E5%85%B7%E5%BA%97/data=!4m2!3m1!1s0x601894ed545fe273:0xeb5583039b501a0a,,
（株）佐々野釣具店,,https://www.google.com/maps/place/%EF%BC%88%E6%A0%AA%EF%BC%89%E4%BD%90%E3%80%85%E9%87%8E%E9%87%A3%E5%85%B7%E5%BA%97/data=!4m2!3m1!1s0x6018eb31ddf230b1:0xe37fd9c72bd63631,,
プロストック戸田店,,https://www.google.com/maps/place/%E3%83%97%E3%83%AD%E3%82%B9%E3%83%88%E3%83%83%E3%82%AF%E6%88%B8%E7%94%B0%E5%BA%97/data=!4m2!3m1!1s0x6018ea4402938451:0x3c8439839d13ca1,,
マニアックス,,https://www.google.com/maps/place/%E3%83%9E%E3%83%8B%E3%82%A2%E3%83%83%E3%82%AF%E3%82%B9/data=!4m2!3m1!1s0x60189233cbd9c73d:0x9640d5d2e73224f7,,
