group,name,lat,lng,notes,icon,areaId
DAISO,フォルテ桐生店,36.394519,139.299763,群馬県みどり市笠懸町阿佐美2761-1,shop4,SAITAMAGUNMA_GUNMA
DAISO,大間々さくらもーる店,36.413859,139.281491,群馬県みどり市大間々町大字大間々40番地大間々ショッピングセンター2階,shop4,SAITAMAGUNMA_GUNMA
DAISO,安中郷原SC店,36.30885,138.84854,群馬県安中市郷原249-1,shop4,SAITAMAGUNMA_GUNMA
DAISO,トライアル安中店,36.31943,138.8773,群馬県安中市原市362,shop4,SAITAMAGUNMA_GUNMA
DAISO,群馬安中店,36.33212,138.92189,群馬県安中市中宿2100-1,shop4,SAITAMAGUNMA_GUNMA
DAISO,フォリオ伊勢崎安堀店,36.33744,139.1859,群馬県伊勢崎市安堀町190,shop4,SAITAMAGUNMA_GUNMA
DAISO,オトナリマート伊勢崎下道寺店,36.27734,139.1962,群馬県伊勢崎市下道寺町510-5,shop4,SAITAMAGUNMA_GUNMA
DAISO,いせさきガーデンズ店,36.32904,139.16418,"群馬県伊勢崎市宮子町3406-3 いせさきガーデンズ1階",shop4,SAITAMAGUNMA_GUNMA
DAISO,ミスターマックス伊勢崎店,36.32897,139.15118,"群馬県伊勢崎市宮子町3556-1 ミスターマックス伊勢崎店内",shop4,SAITAMAGUNMA_GUNMA
DAISO,フレッセイ境店,36.28108,139.25717,群馬県伊勢崎市境百々東21-3,shop4,SAITAMAGUNMA_GUNMA
DAISO,フォリオ赤堀店,36.379144,139.243891,群馬県伊勢崎市曲沢町196-1,shop4,SAITAMAGUNMA_GUNMA
DAISO,MEGAドン・キホーテUNY伊勢崎東店,36.3296,139.23421,"群馬県伊勢崎市三室町5330 MEGAドン・キホーテUNY伊勢崎東店2階",shop4,SAITAMAGUNMA_GUNMA
DAISO,ベイシア赤堀店,36.36961,139.22455,群馬県伊勢崎市市場町1-1542ベイシア赤堀モール内,shop4,SAITAMAGUNMA_GUNMA
DAISO,"Standard Products スマーク伊勢崎店",36.33959,139.23239,"群馬県伊勢崎市西小保方町368 スマーク伊勢崎店3階",shop4,SAITAMAGUNMA_GUNMA
DAISO,スマーク伊勢崎店,36.33959,139.23239,群馬県伊勢崎市西小保方町368スマーク伊勢崎店内3階,shop4,SAITAMAGUNMA_GUNMA
DAISO,西友楽市伊勢崎茂呂店,36.2972247,139.2133299,群馬県伊勢崎市南千木町5202-3,shop4,SAITAMAGUNMA_GUNMA
DAISO,伊勢崎店,36.3150951,139.1841976,群馬県伊勢崎市連取元町168-1,shop4,SAITAMAGUNMA_GUNMA
DAISO,メガセンタートライアル伊勢崎店,36.31634,139.18216,"群馬県伊勢崎市連取町1507-1 メガセンタートライアル伊勢崎店2階",shop4,SAITAMAGUNMA_GUNMA
DAISO,"Standard Products かんらショッピングパーク店",36.260462,138.936905,"群馬県甘楽郡甘楽町福島久保田384-1 かんらSP1階",shop4,SAITAMAGUNMA_GUNMA
DAISO,かんらショッピングパーク店,36.260462,138.936905,"群馬県甘楽郡甘楽町福島久保田384-1 かんらSP1階",shop4,SAITAMAGUNMA_GUNMA
DAISO,アクロス館林店,36.24134,139.50032,群馬県館林市近藤町178-118,shop4,SAITAMAGUNMA_SAITAMA
DAISO,館林店,36.23974,139.53822,群馬県館林市松原1丁目3-28,shop4,SAITAMAGUNMA_SAITAMA
DAISO,セイムス館林北店,36.25561,139.53662,"群馬県館林市朝日町27-4 セイムス館林北店内",shop4,SAITAMAGUNMA_SAITAMA
DAISO,"Standard Products 館林アゼリアモール店",36.24085,139.56979,"群馬県館林市楠町3622-4 館林アゼリアモールB館2階",shop4,SAITAMAGUNMA_SAITAMA
DAISO,館林アゼリアモール店,36.24085,139.56979,群馬県館林市楠町3622-4B館2階,shop4,SAITAMAGUNMA_SAITAMA
DAISO,とりせん富士見町店,36.24348,139.52502,群馬県館林市富士見町12-60,shop4,SAITAMAGUNMA_SAITAMA
DAISO,桐生広沢店,36.389,139.33516,群馬県桐生市広沢町間の島202,shop4,SAITAMAGUNMA_GUNMA
DAISO,マーケットシティ桐生店,36.40504,139.31856,群馬県桐生市相生町1-124-1,shop4,SAITAMAGUNMA_GUNMA
DAISO,ヤオコー中之条店,36.5858009,138.8468693,"群馬県吾妻郡中之条町大字中之条1864-1 ヤオコー中之条店2階",shop4,SAITAMAGUNMA_GUNMA
DAISO,高崎引間町店,36.39402,139.00754,群馬県高崎市引間町1078-1,shop4,SAITAMAGUNMA_GUNMA
DAISO,高崎倉賀野バイパス店,36.30942,139.03587,群馬県高崎市下之城町516番地1,shop4,SAITAMAGUNMA_GUNMA
DAISO,フォルテ高崎下豊岡店,36.3343954,138.9852903,群馬県高崎市下豊岡町893番地,shop4,SAITAMAGUNMA_GUNMA
DAISO,パワーセンター吉井店,36.25826,138.98982,群馬県高崎市吉井町池52-1パワーセンターうおかつ吉井店内,shop4,SAITAMAGUNMA_GUNMA
DAISO,高崎高関店,36.32814,139.02966,群馬県高崎市高関町404,shop4,SAITAMAGUNMA_GUNMA
DAISO,フレッセイ新保店,36.34945,139.03667,群馬県高崎市新保町308-1,shop4,SAITAMAGUNMA_GUNMA
DAISO,ミスターマックス倉賀野SC店,36.30099,139.0553,群馬県高崎市倉賀野町4691-1,shop4,SAITAMAGUNMA_GUNMA
DAISO,とりせん群馬町店,36.37218,139.00168,群馬県高崎市中泉町605-26,shop4,SAITAMAGUNMA_GUNMA
DAISO,はるなパワーセンター店,36.3703,138.90536,群馬県高崎市中里見町根岸373はるなパワーセンター店内,shop4,SAITAMAGUNMA_GUNMA
DAISO,イオンモール高崎店,36.39038,139.00658,"群馬県高崎市棟高町1400 イオンモール高崎2階",shop4,SAITAMAGUNMA_GUNMA
DAISO,高崎モントレー店,36.32161,139.01311,群馬県高崎市八島町222高崎駅ビル・モントレー5階,shop4,SAITAMAGUNMA_GUNMA
DAISO,ウニクス高崎店,36.33978,139.00638,群馬県高崎市飯塚町1150-5ウニクス高崎内2階,shop4,SAITAMAGUNMA_GUNMA
DAISO,フレッセイ箕郷店,36.39222,138.96127,群馬県高崎市箕郷町上芝7-1,shop4,SAITAMAGUNMA_GUNMA
DAISO,玉村店,36.30156,139.12616,群馬県佐波郡玉村町大字上飯島277とりせんドラッグウエル店内,shop4,SAITAMAGUNMA_GUNMA
DAISO,渋川金井店,36.50602,138.99591,群馬県渋川市金井字原1223-1,shop4,SAITAMAGUNMA_GUNMA
DAISO,やまや渋川店,36.4733224,138.9998594,群馬県渋川市行幸田315-1,shop4,SAITAMAGUNMA_GUNMA
DAISO,とりせん渋川店,36.47931,139.00232,群馬県渋川市行幸田63-1とりせん渋川店2階,shop4,SAITAMAGUNMA_GUNMA
DAISO,とりせん子持店,36.52126,139.00822,群馬県渋川市吹屋660-34,shop4,SAITAMAGUNMA_GUNMA
DAISO,フレッセイ沼田栄町店,36.63642,139.04633,群馬県沼田市栄町215-1,shop4,SAITAMAGUNMA_GUNMA
DAISO,"Standard Products ベイシア沼田モール店",36.6661989,139.1084801,"群馬県沼田市久屋原町字吉野420-1 ベイシア沼田モール内",shop4,SAITAMAGUNMA_GUNMA
DAISO,ベイシア沼田モール店,36.6661989,139.1084801,"群馬県沼田市久屋原町字吉野420-1 ベイシア沼田モール内",shop4,SAITAMAGUNMA_GUNMA
DAISO,ベルク沼田店,36.64473,139.05708,"群馬県沼田市東原新町1445 ベルク沼田内",shop4,SAITAMAGUNMA_GUNMA
DAISO,フォリオ駒形店,36.35192,139.12935,群馬県前橋市下大島町1151-1フォリオ駒形SC内,shop4,SAITAMAGUNMA_GUNMA
DAISO,セキチュー前橋関根店,36.43224,139.05348,群馬県前橋市関根町1-2-43,shop4,SAITAMAGUNMA_GUNMA
DAISO,フレッセイ元総社蒼海店,36.393785,139.031331,群馬県前橋市元総社町1835,shop4,SAITAMAGUNMA_GUNMA
DAISO,フォレストモール新前橋店,36.37704,139.04572,群馬県前橋市古市町180-1フォレストモール新前橋B棟,shop4,SAITAMAGUNMA_GUNMA
DAISO,前橋南ショッピングパーク店,36.34328,139.0806,群馬県前橋市公田町670-1,shop4,SAITAMAGUNMA_GUNMA
DAISO,とりせんローズタウンSM店,36.3957,139.13904,群馬県前橋市江木町1030-1,shop4,SAITAMAGUNMA_GUNMA
DAISO,フレッセイ荒牧店,36.42566,139.05728,群馬県前橋市荒牧町1丁目10-1,shop4,SAITAMAGUNMA_GUNMA
DAISO,前橋リリカ店,36.40461,139.06802,群馬県前橋市国領町2-14-1前橋リリカ2階,shop4,SAITAMAGUNMA_GUNMA
DAISO,フレッセイ片貝店,36.39518,139.09453,群馬県前橋市西片貝町1-314-3,shop4,SAITAMAGUNMA_GUNMA
DAISO,フレッセイ大胡店,36.41132,139.15927,"群馬県前橋市大胡町399 フレッセイ大胡店内",shop4,SAITAMAGUNMA_GUNMA
DAISO,前橋天川大島店,36.36768,139.10509,群馬県前橋市天川大島町118-2,shop4,SAITAMAGUNMA_GUNMA
DAISO,ベイシア前橋富士見店,36.43317,139.06763,群馬県前橋市富士見町原之郷字旭久保643番地,shop4,SAITAMAGUNMA_GUNMA
DAISO,"Standard Products ベイシア前橋おおごモール店",36.41459,139.14551,群馬県前橋市堀越町甲二本松381番,shop4,SAITAMAGUNMA_GUNMA
DAISO,ベイシア前橋おおごモール店,36.41459,139.14551,群馬県前橋市堀越町甲二本松381番,shop4,SAITAMAGUNMA_GUNMA
DAISO,ヤオコー前橋六供町店,36.37392,139.07098,"群馬県前橋市六供町4-7-5 ヤオコー前橋六供町店",shop4,SAITAMAGUNMA_GUNMA
DAISO,とりせん下田島店,36.26607,139.31778,群馬県太田市下田島町1094-1,shop4,SAITAMAGUNMA_SAITAMA
DAISO,とりせん城西の杜店,36.31467,139.33362,群馬県太田市城西町80-1,shop4,SAITAMAGUNMA_SAITAMA
DAISO,とりせん太田新井店,36.28446,139.36755,群馬県太田市新井町377-14,shop4,SAITAMAGUNMA_SAITAMA
DAISO,ニコモール新田店,36.30278,139.30226,群馬県太田市新田市野井町592-13ニコモールショッピングセンター内1階,shop4,SAITAMAGUNMA_SAITAMA
DAISO,"Standard Products イオンモール太田店",36.294,139.40022,"群馬県太田市石原町81 イオンモール太田店2階",shop4,SAITAMAGUNMA_SAITAMA
DAISO,イオンモール太田店,36.294,139.40022,"群馬県太田市石原町81 イオンモール太田店2階",shop4,SAITAMAGUNMA_SAITAMA
DAISO,とりせん太田大原店,36.35841,139.27942,群馬県太田市大原町1661-4,shop4,SAITAMAGUNMA_SAITAMA
DAISO,セイムス藪塚店,36.35516,139.29475,"群馬県太田市大原町456-1 セイムス藪塚店内",shop4,SAITAMAGUNMA_SAITAMA
DAISO,太田竜舞店,36.28252,139.40274,群馬県太田市内ケ島町2003番地,shop4,SAITAMAGUNMA_SAITAMA
DAISO,とりせん太田八幡町店,36.2991,139.36745,群馬県太田市八幡町26-4,shop4,SAITAMAGUNMA_SAITAMA
DAISO,フレッセイ太田飯塚店,36.2736231,139.3861308,群馬県太田市飯塚町681-1,shop4,SAITAMAGUNMA_SAITAMA
DAISO,フレスポ藤岡店,36.2762927,139.0762124,群馬県藤岡市森字台452-7フレスポ藤岡内,shop4,SAITAMAGUNMA_GUNMA
DAISO,フィール藤岡店,36.26118,139.07243,群馬県藤岡市中栗須390-1,shop4,SAITAMAGUNMA_GUNMA
DAISO,コープ藤岡店,36.23668,139.07465,群馬県藤岡市藤岡2415-1,shop4,SAITAMAGUNMA_GUNMA
DAISO,MEGAドン・キホーテUNY藤岡店,36.24589,139.08165,群馬県藤岡市藤岡416-4,shop4,SAITAMAGUNMA_GUNMA
DAISO,群馬富岡店,36.26289,138.8981,群馬県富岡市富岡2266-1,shop4,SAITAMAGUNMA_GUNMA
DAISO,フォリオ富岡店,36.25042,138.89995,群馬県富岡市富岡501フォリオ富岡ショッピングセンター内,shop4,SAITAMAGUNMA_GUNMA
DAISO,フォリオ吉岡店,36.4183,139.02628,群馬県北群馬郡吉岡町大久保891-1,shop4,SAITAMAGUNMA_GUNMA
DAISO,ジョイフル本田千代田店,36.20558,139.47305,群馬県邑楽郡千代田町萱野813-1ジョイフル本田千代田店2階,shop4,SAITAMAGUNMA_SAITAMA
DAISO,ベイシア大泉店,36.2652603,139.4040367,"群馬県邑楽郡大泉町いずみ2-3086-50 ベイシア大泉店内",shop4,SAITAMAGUNMA_SAITAMA
DAISO,ベスタ大泉店,36.25194,139.40636,群馬県邑楽郡大泉町住吉57-2,shop4,SAITAMAGUNMA_SAITAMA
DAISO,フォリオ大泉店,36.2480115,139.414951,群馬県邑楽郡大泉町富士1-752フォリオ大泉店内,shop4,SAITAMAGUNMA_SAITAMA
DAISO,群馬新中野店,36.25469,139.46753,群馬県邑楽郡邑楽町新中野29-4,shop4,SAITAMAGUNMA_SAITAMA
DAISO,とりせん邑楽町店,36.26315,139.47223,群馬県邑楽郡邑楽町中野3110-3,shop4,SAITAMAGUNMA_SAITAMA
DAISO,ビバモールさいたま新都心店,35.88784,139.63492,埼玉県さいたま市浦和区上木崎1-13-1ビバモールさいたま新都心3階,shop4,SAITAMAGUNMA_SAITAMA
DAISO,ヤオコー浦和上木崎店,35.88598,139.64647,埼玉県さいたま市浦和区上木崎4-9-15ヤオコー浦和上木崎店2階,shop4,SAITAMAGUNMA_SAITAMA
DAISO,浦和店,35.85974,139.65488,埼玉県さいたま市浦和区仲町1-3-9浦和レインボービル1・2階,shop4,SAITAMAGUNMA_SAITAMA
DAISO,イトーヨーカドー浦和店,35.86034,139.6555,埼玉県さいたま市浦和区仲町1-7-1IY浦和店4階,shop4,SAITAMAGUNMA_SAITAMA
DAISO,コモディイイダ北浦和店,35.88431,139.65904,"埼玉県さいたま市浦和区木崎1-4-10 コモディイイダ北浦和店2階",shop4,SAITAMAGUNMA_SAITAMA
DAISO,岩槻城南店,35.94181,139.70143,埼玉県さいたま市岩槻区城南1-2-8,shop4,SAITAMAGUNMA_SAITAMA
DAISO,ヤオコー岩槻西町店,35.95232,139.69089,埼玉県さいたま市岩槻区西町2-5-1ヤオコー岩槻西町店2階,shop4,SAITAMAGUNMA_SAITAMA
DAISO,コープ東岩槻店,35.95383,139.71692,埼玉県さいたま市岩槻区南平野3-15-2,shop4,SAITAMAGUNMA_SAITAMA
DAISO,ウニクス浦和美園店,35.90255,139.73029,"埼玉県さいたま市岩槻区美園東2丁目17番13 ウニクス浦和美園内",shop4,SAITAMAGUNMA_SAITAMA
DAISO,パトリア東大宮店,35.95737,139.65923,埼玉県さいたま市見沼区春野2-8,shop4,SAITAMAGUNMA_SAITAMA
DAISO,マルエツ東門前店,35.9286925,139.6687454,"埼玉県さいたま市見沼区大字東門前字谷中77-1 マルエツ東門前店内2階",shop4,SAITAMAGUNMA_SAITAMA
DAISO,マルエツ大宮大和田店,35.92749,139.65118,埼玉県さいたま市見沼区大和田町1-1629マルエツ大宮大和田店2階,shop4,SAITAMAGUNMA_SAITAMA
DAISO,コモディイイダ東大宮店,35.95261,139.62956,埼玉県さいたま市見沼区東大宮3-7-1,shop4,SAITAMAGUNMA_SAITAMA
DAISO,マルエツ東大宮店,35.95111,139.64008,"埼玉県さいたま市見沼区東大宮4丁目27番7号 マルエツ東大宮店2階",shop4,SAITAMAGUNMA_SAITAMA
DAISO,コーナンドイト東大宮店,35.94484,139.64111,"埼玉県さいたま市見沼区東大宮5-9-1 2階",shop4,SAITAMAGUNMA_SAITAMA
DAISO,マルエツ大宮砂町店,35.9397,139.64674,埼玉県さいたま市見沼区東大宮7-69-1,shop4,SAITAMAGUNMA_SAITAMA
DAISO,コモディイイダ大宮七里店,35.93285,139.6651,"埼玉県さいたま市見沼区東門前54-1 コモディイイダ七里店2階",shop4,SAITAMAGUNMA_SAITAMA
DAISO,マルエツ浦和大久保店,35.8676521,139.6089688,"埼玉県さいたま市桜区大字上大久保作田982-1 マルエツ浦和大久保2階",shop4,SAITAMAGUNMA_SAITAMA
DAISO,マルエツ白鍬店,35.8857,139.60635,埼玉県さいたま市桜区白鍬561マルエツ白鍬店1階,shop4,SAITAMAGUNMA_SAITAMA
DAISO,西大宮ファッションモール店,35.92361,139.59184,埼玉県さいたま市西区宮前町239しまむら西大宮店2階,shop4,SAITAMAGUNMA_SAITAMA
DAISO,さいたま指扇店,35.91214,139.58228,埼玉県さいたま市西区指扇417,shop4,SAITAMAGUNMA_SAITAMA
DAISO,マルエツ西大宮駅前店,35.92408,139.58119,埼玉県さいたま市西区西大宮1丁目7番地7,shop4,SAITAMAGUNMA_SAITAMA
DAISO,コクーンシティヨドバシさいたま新都心店,35.89669,139.63434,"埼玉県さいたま市大宮区吉敷町4-263-6 コクーン3 3階",shop4,SAITAMAGUNMA_SAITAMA
DAISO,"Standard Products イオンスタイル大宮西口駅前店",35.90699,139.6218,"埼玉県さいたま市大宮区桜木町2-3 イオンスタイル大宮西口駅前店6階",shop4,SAITAMAGUNMA_SAITAMA
DAISO,イオンスタイル大宮西口駅前店,35.90699,139.6218,"埼玉県さいたま市大宮区桜木町2-3 イオンスタイル大宮西口駅前店6階",shop4,SAITAMAGUNMA_SAITAMA
DAISO,大宮大成店,35.91492,139.61578,埼玉県さいたま市大宮区大成町2-168,shop4,SAITAMAGUNMA_SAITAMA
DAISO,フードガーデン北与野店,35.89103,139.62793,埼玉県さいたま市中央区上落合2-3-5アルーサショッピングモールB館地下1階,shop4,SAITAMAGUNMA_SAITAMA
DAISO,"Standard Products イオンモール与野店",35.89103,139.61563,"埼玉県さいたま市中央区本町西5-2-9 イオンモール与野店3階",shop4,SAITAMAGUNMA_SAITAMA
DAISO,イオンモール与野店,35.89103,139.61563,埼玉県さいたま市中央区本町西5-2-9イオンモール与野店3階,shop4,SAITAMAGUNMA_SAITAMA
DAISO,ビーンズ与野本町店,35.88091,139.62569,"埼玉県さいたま市中央区本町東2-3-11 ビーンズ与野本町1階",shop4,SAITAMAGUNMA_SAITAMA
DAISO,ベルクスモール浦和南店,35.83344,139.64908,埼玉県さいたま市南区内谷7-13-8ベルクスモール浦和南2階,shop4,SAITAMAGUNMA_SAITAMA
DAISO,まるひろ南浦和店,35.84637,139.66751,埼玉県さいたま市南区南本町1-7-4まるひろ南浦和店4階,shop4,SAITAMAGUNMA_SAITAMA
DAISO,浦和文蔵店,35.84267,139.66805,埼玉県さいたま市南区文蔵2-22-1,shop4,SAITAMAGUNMA_SAITAMA
DAISO,ライブタワー武蔵浦和店,35.84565,139.64824,埼玉県さいたま市南区別所7-6-8,shop4,SAITAMAGUNMA_SAITAMA
DAISO,"Standard Products ステラタウン宮原店",35.93368,139.62192,"埼玉県さいたま市北区宮原町1-853-1 ステラタウン3街区棟",shop4,SAITAMAGUNMA_SAITAMA
DAISO,ステラタウン宮原店,35.93368,139.62192,"埼玉県さいたま市北区宮原町1丁目853-1 ステラタウン3街区棟",shop4,SAITAMAGUNMA_SAITAMA
DAISO,さいたま本郷店,35.94165,139.63033,埼玉県さいたま市北区本郷町1365,shop4,SAITAMAGUNMA_SAITAMA
DAISO,MEGAドン・キホーテ浦和原山店,35.87095,139.67485,埼玉県さいたま市緑区原山4-3-3MEGAドン・キホーテ浦和原山店2階,shop4,SAITAMAGUNMA_SAITAMA
DAISO,コモディイイダ芝原店,35.87991,139.69049,"埼玉県さいたま市緑区芝原1-1-1 コモディイイダ芝原店内",shop4,SAITAMAGUNMA_SAITAMA
DAISO,コモディイイダ東浦和店,35.85902,139.71132,"埼玉県さいたま市緑区大間木1733 コモディイイダ東浦和店1階",shop4,SAITAMAGUNMA_SAITAMA
DAISO,島忠浦和中尾店,35.87561,139.68053,埼玉県さいたま市緑区中尾835,shop4,SAITAMAGUNMA_SAITAMA
DAISO,サミット東浦和店,35.86024,139.69652,"埼玉県さいたま市緑区東浦和2-51-26 サミット東浦和店2階",shop4,SAITAMAGUNMA_SAITAMA
DAISO,イオンフードスタイル東浦和店,35.86322,139.70647,埼玉県さいたま市緑区東浦和5-2-1イオンフードスタイル東浦和店2階,shop4,SAITAMAGUNMA_SAITAMA
DAISO,イオンモール浦和美園店,35.89084,139.73152,"埼玉県さいたま市緑区美園5-50-1 イオンモール浦和美園2階",shop4,SAITAMAGUNMA_SAITAMA
DAISO,ココネ上福岡店,35.87323,139.51064,埼玉県ふじみ野市霞ヶ丘1丁目2番27号ココネ上福岡2階,shop4,SAITAMAGUNMA_SAITAMA
DAISO,上福岡4丁目店,35.86908,139.51236,埼玉県ふじみ野市上福岡4-6-1,shop4,SAITAMAGUNMA_SAITAMA
DAISO,ピアシティふじみ野店,35.86368,139.49893,埼玉県ふじみ野市西鶴ヶ岡2-3-1,shop4,SAITAMAGUNMA_SAITAMA
DAISO,イオンタウンふじみ野店,35.8803941,139.5221721,"埼玉県ふじみ野市福岡2-1500-74 イオンタウンふじみ野店3階",shop4,SAITAMAGUNMA_SAITAMA
DAISO,フォルテ羽生店,36.15743,139.53519,埼玉県羽生市小松406-1,shop4,SAITAMAGUNMA_SAITAMA
DAISO,イオンモール羽生店,36.14291,139.54172,埼玉県羽生市川崎2-281-3イオンモール羽生店3階,shop4,SAITAMAGUNMA_SAITAMA
DAISO,羽生中央店,36.17153,139.54387,"埼玉県羽生市中央5-4-36 1階",shop4,SAITAMAGUNMA_SAITAMA
DAISO,イオンレイクタウン店,35.88248,139.82832,埼玉県越谷市レイクタウン3丁目1-1,shop4,SAITAMAGUNMA_SAITAMA
DAISO,アルコ越谷ショッピングスクエア店,35.88686,139.78801,"埼玉県越谷市越ケ谷1丁目16-6 アルコ越谷ショッピングスクエア地下1階",shop4,SAITAMAGUNMA_SAITAMA
DAISO,蒲生旭町店,35.86709,139.80016,埼玉県越谷市蒲生旭町9丁目6番地,shop4,SAITAMAGUNMA_SAITAMA
DAISO,"Standard Products ピアシティ南越谷店",35.8731,139.78401,"埼玉県越谷市新越谷1-31-2 ピアシティ南越谷2階",shop4,SAITAMAGUNMA_SAITAMA
DAISO,ピアシティ南越谷店,35.8731,139.78401,"埼玉県越谷市新越谷1-31-2 ピアシティ南越谷2階",shop4,SAITAMAGUNMA_SAITAMA
DAISO,ヨークフーズ越谷赤山店,35.88303,139.78412,埼玉県越谷市赤山町5-8-39ヨークフーズ越谷赤山店2階,shop4,SAITAMAGUNMA_SAITAMA
DAISO,イオンせんげん台店,35.93336,139.76689,埼玉県越谷市千間台西3-2-12イオンせんげん台3階,shop4,SAITAMAGUNMA_SAITAMA
DAISO,セブンタウンせんげん台店,35.93699,139.77782,埼玉県越谷市千間台東2-707セブンタウンせんげん台内2階,shop4,SAITAMAGUNMA_SAITAMA
DAISO,越谷弥十郎店,35.92086,139.79224,埼玉県越谷市大字弥十郎708-1,shop4,SAITAMAGUNMA_SAITAMA
DAISO,パルテきたこし店,35.90194,139.78072,埼玉県越谷市大沢3丁目6-1パルテきたこし店2階,shop4,SAITAMAGUNMA_SAITAMA
DAISO,東越谷店,35.89652,139.79913,埼玉県越谷市東越谷6丁目3番地1,shop4,SAITAMAGUNMA_SAITAMA
DAISO,コモディイイダ越谷店,35.89503,139.80177,"埼玉県越谷市東越谷7-75-1 コモディイイダ越谷店2階",shop4,SAITAMAGUNMA_SAITAMA
DAISO,桶川店,36.01252,139.56393,埼玉県桶川市大字坂田1524-1,shop4,SAITAMAGUNMA_SAITAMA
DAISO,カインズモール大利根店,36.12602,139.68448,"埼玉県加須市琴寄111 TSUTAYA大利根店内",shop4,SAITAMAGUNMA_SAITAMA
DAISO,ヤオコー加須店,36.13006,139.59245,埼玉県加須市大門町20-58,shop4,SAITAMAGUNMA_SAITAMA
DAISO,コモディイイダ吉川店,35.89746,139.85422,埼玉県吉川市きよみ野4-1-1,shop4,SAITAMAGUNMA_SAITAMA
DAISO,吉川栄町店,35.88704,139.85893,埼玉県吉川市栄町1485-1,shop4,SAITAMAGUNMA_SAITAMA
DAISO,ヤオコー久喜吉羽店,36.0611453,139.6897938,埼玉県久喜市吉羽字前427,shop4,SAITAMAGUNMA_SAITAMA
DAISO,久喜栗原店,36.06984,139.70197,埼玉県久喜市栗原1-1-15,shop4,SAITAMAGUNMA_SAITAMA
DAISO,ヤオコー東鷲宮店,36.08981,139.68115,"埼玉県久喜市桜田3-2-1 ヤオコー東鷲宮店2階",shop4,SAITAMAGUNMA_SAITAMA
DAISO,"Standard Products モラージュ菖蒲店",36.07521,139.61163,"埼玉県久喜市菖蒲町菖蒲6005-1 モラージュ菖蒲2階",shop4,SAITAMAGUNMA_SAITAMA
DAISO,モラージュ菖蒲店,36.07521,139.61163,埼玉県久喜市菖蒲町菖蒲6005番地1モラージュ菖蒲2階2360,shop4,SAITAMAGUNMA_SAITAMA
DAISO,鷲宮店,36.09937,139.67078,埼玉県久喜市鷲宮6-8-45,shop4,SAITAMAGUNMA_SAITAMA
DAISO,狭山広瀬店,35.85948,139.39952,埼玉県狭山市広瀬東2-25-30,shop4,SAITAMAGUNMA_SAITAMA
DAISO,ヤオコー狭山北入曽店,35.8457008,139.4292086,埼玉県狭山市大字北入曽字狩場720-1,shop4,SAITAMAGUNMA_SAITAMA
DAISO,ベスタ狭山店,35.86242,139.42686,"埼玉県狭山市入間川字沢久保1025ベスタ狭山店 1階",shop4,SAITAMAGUNMA_SAITAMA
DAISO,"Standard Products ニットーモール熊谷店",36.1385,139.39395,"埼玉県熊谷市銀座2-245 ニットーモール4階",shop4,SAITAMAGUNMA_SAITAMA
DAISO,ニットーモール熊谷店,36.1385,139.39395,"埼玉県熊谷市銀座2-245 ニットーモール4階",shop4,SAITAMAGUNMA_SAITAMA
DAISO,熊谷江南店,36.11338,139.34106,埼玉県熊谷市江南中央3-8-5,shop4,SAITAMAGUNMA_SAITAMA
DAISO,フェスティバルガーデン籠原店,36.172215,139.312331,埼玉県熊谷市拾六間763-1,shop4,SAITAMAGUNMA_SAITAMA
DAISO,フォルテ熊谷上之店,36.15033,139.39836,"埼玉県熊谷市上之2138 フォルテ上之店 ダイソー棟",shop4,SAITAMAGUNMA_SAITAMA
DAISO,ヤオコー熊谷箱田店,36.15182,139.38428,埼玉県熊谷市箱田1-14-1ヤオコー熊谷箱田店2階,shop4,SAITAMAGUNMA_SAITAMA
DAISO,イオン熊谷店,36.14538,139.37852,埼玉県熊谷市本石2-135イオン熊谷店3階,shop4,SAITAMAGUNMA_SAITAMA
DAISO,スーパーベルクス戸田店,35.81268,139.68401,埼玉県戸田市下戸田1-18-8スーパーベルクス戸田3階,shop4,SAITAMAGUNMA_SAITAMA
DAISO,セイムス戸田笹目店,35.81639,139.65044,埼玉県戸田市笹目3丁目15-1セイムス戸田笹目店2階,shop4,SAITAMAGUNMA_SAITAMA
DAISO,ティーフロンテ戸田店,35.81758,139.66827,埼玉県戸田市新曽662T-FRONTE戸田2階,shop4,SAITAMAGUNMA_SAITAMA
DAISO,ロイヤルホームセンター戸田公園店,35.80471,139.68329,埼玉県戸田市川岸3-1-7,shop4,SAITAMAGUNMA_SAITAMA
DAISO,スーパーバリュー戸田店,35.80695,139.67151,"埼玉県戸田市南町9-29 スーパーバリュー戸田店2階",shop4,SAITAMAGUNMA_SAITAMA
DAISO,Yバリュー美女木店,35.82933,139.64044,埼玉県戸田市美女木1-11-2Yバリュー美女木店,shop4,SAITAMAGUNMA_SAITAMA
DAISO,エムズタウン幸手店,36.06798,139.71504,埼玉県幸手市大字上高野764エムズタウン西館,shop4,SAITAMAGUNMA_SAITAMA
DAISO,幸手東さくら通り店,36.07159,139.72185,埼玉県幸手市東2-19-22,shop4,SAITAMAGUNMA_SAITAMA
DAISO,行田旭町店,36.13956,139.46454,埼玉県行田市旭町9-230-1,shop4,SAITAMAGUNMA_SAITAMA
DAISO,行田店,36.13586,139.42812,埼玉県行田市大字持田2351-2,shop4,SAITAMAGUNMA_SAITAMA
DAISO,ヤオコー行田藤原店,36.14828,139.4808,埼玉県行田市藤原町2-2-1,shop4,SAITAMAGUNMA_SAITAMA
DAISO,ピアシティ原馬室店,36.04794,139.51567,埼玉県鴻巣市原馬室114番1,shop4,SAITAMAGUNMA_SAITAMA
DAISO,ヤオコー鴻巣免許センター前店,36.06913,139.5181,埼玉県鴻巣市鴻巣950番1,shop4,SAITAMAGUNMA_SAITAMA
DAISO,鴻巣店,36.05472,139.53177,埼玉県鴻巣市上谷1843-1,shop4,SAITAMAGUNMA_SAITAMA
DAISO,ウニクス鴻巣店,36.1125,139.44023,埼玉県鴻巣市北新宿225-1ウニクス鴻巣内2階,shop4,SAITAMAGUNMA_SAITAMA
DAISO,MEGAドン・キホーテ北鴻巣店,36.08036,139.48892,埼玉県鴻巣市箕田3111-1MEGAドン・キホーテ北鴻巣店内2階,shop4,SAITAMAGUNMA_SAITAMA
DAISO,コモディイイダ坂戸にっさい店,35.96971,139.36659,"埼玉県坂戸市にっさい花みず木4-16 コモディイイダ坂戸にっさい店1階",shop4,SAITAMAGUNMA_SAITAMA
DAISO,坂戸店,35.968674,139.4074888,"埼玉県坂戸市大字片柳新田字小川 118番地1",shop4,SAITAMAGUNMA_SAITAMA
DAISO,ベルク坂戸八幡店,35.95649,139.39862,埼玉県坂戸市八幡2-1-30,shop4,SAITAMAGUNMA_SAITAMA
DAISO,MEGAドン・キホーテ三郷店,35.85277,139.86723,"埼玉県三郷市さつき平1-1-1 MEGAドン・キホーテ三郷2階",shop4,SAITAMAGUNMA_SAITAMA
DAISO,いなげや三郷戸ヶ崎店,35.80378,139.86188,埼玉県三郷市戸ヶ崎2-243,shop4,SAITAMAGUNMA_SAITAMA
DAISO,BLANDE三郷店,35.84367,139.88669,"埼玉県三郷市三郷1-3 BRANDE三郷店内",shop4,SAITAMAGUNMA_SAITAMA
DAISO,"Standard Products ららぽーと新三郷店",35.8613,139.86432,"埼玉県三郷市新三郷ららシティ3-1-1 ららぽーと新三郷1階",shop4,SAITAMAGUNMA_SAITAMA
DAISO,ららぽーと新三郷店,35.8613,139.86432,"埼玉県三郷市新三郷ららシティ3-1-1 ららぽーと新三郷1階",shop4,SAITAMAGUNMA_SAITAMA
DAISO,三郷鷹野店,35.79787,139.87657,埼玉県三郷市鷹野5丁目368番1（1階）,shop4,SAITAMAGUNMA_SAITAMA
DAISO,島忠ホームズ三郷中央店,35.82683,139.87857,埼玉県三郷市中央3-33-8,shop4,SAITAMAGUNMA_SAITAMA
DAISO,ヴェルモ志木店,35.8271,139.57285,埼玉県志木市本町6丁目22番45号ヴェルモ志木店B棟2階,shop4,SAITAMAGUNMA_SAITAMA
DAISO,イオンタウン上里店,36.260538,139.136033,"埼玉県児玉郡上里町大字金久保字蓮山359番地1 イオンタウン上里 2階",shop4,SAITAMAGUNMA_GUNMA
DAISO,ウニクス上里店,36.23835,139.15291,埼玉県児玉郡上里町大字七本木2272-1,shop4,SAITAMAGUNMA_GUNMA
DAISO,美里店,36.187685,139.184571,"埼玉県児玉郡美里町大字阿那志字山谷戸1005 ジョイフーズ美里店内",shop4,SAITAMAGUNMA_GUNMA
DAISO,コモディイイダ北春日部店,35.98836,139.73338,"埼玉県春日部市栄町2-224 コモディイイダ北春日部店2階",shop4,SAITAMAGUNMA_SAITAMA
DAISO,コモディイイダ豊春店,35.96431,139.72514,"埼玉県春日部市上蛭田631-2 コモディイイダ豊春2階",shop4,SAITAMAGUNMA_SAITAMA
DAISO,島忠春日部本店,35.97347,139.73683,埼玉県春日部市西八木崎2-8-1,shop4,SAITAMAGUNMA_SAITAMA
DAISO,ヤオコー南桜井店,35.98367,139.80542,埼玉県春日部市大衾496-14,shop4,SAITAMAGUNMA_SAITAMA
DAISO,春日部武里店,35.95465,139.77634,埼玉県春日部市備後東7-12-13,shop4,SAITAMAGUNMA_SAITAMA
DAISO,新所沢花園店,35.81231,139.45563,埼玉県所沢市花園1-2315-1,shop4,SAITAMAGUNMA_SAITAMA
DAISO,いなげや所沢狭山ヶ丘店,35.80548,139.41931,埼玉県所沢市若狭1-2938-1いなげや所沢狭山ヶ丘店,shop4,SAITAMAGUNMA_SAITAMA
DAISO,マミーマート所沢山口店,35.79147,139.4427,埼玉県所沢市小手指台23-1,shop4,SAITAMAGUNMA_SAITAMA
DAISO,島忠ホームズ所沢店,35.80663,139.43999,"埼玉県所沢市青葉台1327 島忠ホームズ所沢店2階",shop4,SAITAMAGUNMA_SAITAMA
DAISO,"Standard Products エミテラス所沢店",35.78519,139.47079,"埼玉県所沢市東住吉10-1 エミテラス所沢店3階",shop4,SAITAMAGUNMA_SAITAMA
DAISO,エミテラス所沢店,35.78519,139.47079,"埼玉県所沢市東住吉10-1 エミテラス所沢店3階",shop4,SAITAMAGUNMA_SAITAMA
DAISO,東所沢駅前店,35.79506,139.51501,埼玉県所沢市東所沢5-1-2,shop4,SAITAMAGUNMA_SAITAMA
DAISO,所沢プロペ通店,35.78879,139.47177,埼玉県所沢市日吉町8-2町田所沢ビル1階・2階,shop4,SAITAMAGUNMA_SAITAMA
DAISO,ザ・マーケットプレイス所沢北原店,35.81019,139.48088,埼玉県所沢市北原町1415-1,shop4,SAITAMAGUNMA_SAITAMA
DAISO,ソコラ所沢店,35.78421,139.48103,"埼玉県所沢市北秋津592 ソコラ所沢店2階",shop4,SAITAMAGUNMA_SAITAMA
DAISO,"Standard Products イオンモール上尾店",35.96487,139.59967,"埼玉県上尾市愛宕3-8-1 イオンモール上尾店2階",shop4,SAITAMAGUNMA_SAITAMA
DAISO,アリオ上尾店,35.961654,139.565721,"埼玉県上尾市壱丁目北29-14 アリオ上尾2階",shop4,SAITAMAGUNMA_SAITAMA
DAISO,まるひろ上尾SC店,35.97308,139.58984,"埼玉県上尾市宮本町1-1 まるひろ上尾SC4階",shop4,SAITAMAGUNMA_SAITAMA
DAISO,生鮮市場TOP上尾店,36.0004,139.6028,埼玉県上尾市須ヶ谷1-240,shop4,SAITAMAGUNMA_SAITAMA
DAISO,上尾大谷本郷店,35.95768,139.58293,埼玉県上尾市大谷本郷732-1,shop4,SAITAMAGUNMA_SAITAMA
DAISO,上尾ショーサンプラザ店,35.97284,139.58609,埼玉県上尾市谷津2-1-1ショーサンプラザ店内4階,shop4,SAITAMAGUNMA_SAITAMA
DAISO,北上尾PAPA店,35.9864,139.5791,埼玉県上尾市緑丘3丁目3-11-2号PAPA上尾ショッピングモールプリンセス2階,shop4,SAITAMAGUNMA_SAITAMA
DAISO,いなげや大泉学園店,35.77698,139.58675,埼玉県新座市栄4丁目1-26,shop4,SAITAMAGUNMA_SAITAMA
DAISO,OSCデオシティ新座店,35.81575,139.5484,"埼玉県新座市中野2-1-38 OSCデオシティ新座店 ミックスミックス棟3階",shop4,SAITAMAGUNMA_SAITAMA
DAISO,志木駅東口店,35.8228,139.57542,"埼玉県新座市東北2-39-10 ドゥーセット弐番館2階",shop4,SAITAMAGUNMA_SAITAMA
DAISO,島忠新座店,35.81627,139.57167,"埼玉県新座市東北2-5-26 2階",shop4,SAITAMAGUNMA_SAITAMA
DAISO,セイムス新座南店,35.78061,139.57184,"埼玉県新座市馬場1-8-15 セイムス新座南店内",shop4,SAITAMAGUNMA_SAITAMA
DAISO,ヤオコー新座店,35.7998,139.56793,埼玉県新座市野火止7丁目8番14号,shop4,SAITAMAGUNMA_SAITAMA
DAISO,深谷原郷店,36.19623,139.29063,埼玉県深谷市原郷4-1,shop4,SAITAMAGUNMA_GUNMA
DAISO,深谷花園店,36.12146,139.23932,埼玉県深谷市荒川174,shop4,SAITAMAGUNMA_GUNMA
DAISO,ヤオコー深谷国済寺店,36.19296,139.30252,埼玉県深谷市国済寺522-3ヤオコー深谷国済寺店内,shop4,SAITAMAGUNMA_GUNMA
DAISO,アリオ深谷店,36.18111,139.29846,"埼玉県深谷市上柴町西4-2-14 アリオ深谷店1階",shop4,SAITAMAGUNMA_GUNMA
DAISO,フォリオ篭原店,36.18527,139.33138,埼玉県深谷市大字東方3241フォリオ篭原SC内,shop4,SAITAMAGUNMA_GUNMA
DAISO,コモディイイダ新河岸店,35.8907,139.49898,埼玉県川越市砂945-1コモディイイダ新河岸店2階,shop4,SAITAMAGUNMA_SAITAMA
DAISO,コープ高階店,35.88253,139.49358,"埼玉県川越市砂新田383-2 コープ高階店2階",shop4,SAITAMAGUNMA_SAITAMA
DAISO,"Standard Products ヤオコー川越山田店",35.93479,139.47943,埼玉県川越市山田2042-1ヤオコー川越山田店内2階,shop4,SAITAMAGUNMA_SAITAMA
DAISO,ヤオコー川越山田店,35.93479,139.47943,埼玉県川越市山田2042-1ヤオコー川越山田店内2階,shop4,SAITAMAGUNMA_SAITAMA
DAISO,島忠ホームズ川越店,35.92013,139.50125,埼玉県川越市小仙波691-1,shop4,SAITAMAGUNMA_SAITAMA
DAISO,ウニクス川越店,35.90392,139.47993,埼玉県川越市新宿町1-17-1ウニクス川越2階,shop4,SAITAMAGUNMA_SAITAMA
DAISO,川越新宿町店,35.89957,139.47838,埼玉県川越市新宿町5-13-1,shop4,SAITAMAGUNMA_SAITAMA
DAISO,ザ・マーケットプレイス川越的場店,35.91814,139.42393,埼玉県川越市的場新町21ザ・マーケットプレイス川越的場内,shop4,SAITAMAGUNMA_SAITAMA
DAISO,ドン・キホーテ川越東口店,35.90907,139.48288,"埼玉県川越市脇田町4-2 ドン・キホーテ川越東口3階",shop4,SAITAMAGUNMA_SAITAMA
DAISO,マルエツ安行慈林店,35.83672,139.75136,埼玉県川口市安行慈林173,shop4,SAITAMAGUNMA_SAITAMA
DAISO,川口樹モールプラザ店,35.80327,139.7207,埼玉県川口市栄町3-13-1,shop4,SAITAMAGUNMA_SAITAMA
DAISO,"Standard Products ららテラス川口店",35.80313,139.71851,"埼玉県川口市栄町3-5-1 ららテラス川口7階",shop4,SAITAMAGUNMA_SAITAMA
DAISO,ららテラス川口店,35.80313,139.71851,"埼玉県川口市栄町3-5-1 ららテラス川口7階",shop4,SAITAMAGUNMA_SAITAMA
DAISO,かわぐちキャスティ店,35.80234,139.71907,"埼玉県川口市栄町3-7-1 かわぐちキャスティ5階",shop4,SAITAMAGUNMA_SAITAMA
DAISO,ララガーデン川口店,35.80466,139.69815,埼玉県川口市宮町18-9ララガーデン川口1階1230,shop4,SAITAMAGUNMA_SAITAMA
DAISO,オリンピック東川口店,35.86659,139.74675,埼玉県川口市戸塚3-5-30オリンピック東川口店3階,shop4,SAITAMAGUNMA_SAITAMA
DAISO,コモディイイダ東川口店,35.86747,139.75252,"埼玉県川口市戸塚3丁目36-18 コモディイイダ東川口店2階",shop4,SAITAMAGUNMA_SAITAMA
DAISO,コモディイイダ蕨店,35.8325,139.69095,"埼玉県川口市芝4-1-8 コモディイイダ蕨店2階",shop4,SAITAMAGUNMA_SAITAMA
DAISO,ヨークフーズ芝前川店,35.83984,139.70468,埼玉県川口市芝下3丁目37番28号,shop4,SAITAMAGUNMA_SAITAMA
DAISO,ヤオコー川口SKIPシティ店,35.8305,139.72026,埼玉県川口市上青木4-13-78,shop4,SAITAMAGUNMA_SAITAMA
DAISO,コモディイイダ川口リプレ店,35.80109,139.71519,"埼玉県川口市川口3-3-2 コモディイイダ川口リプレ店2階",shop4,SAITAMAGUNMA_SAITAMA
DAISO,サミット鳩ヶ谷駅前店,35.82901,139.73428,"埼玉県川口市大字里1591-1 サミット鳩ヶ谷駅前店内",shop4,SAITAMAGUNMA_SAITAMA
DAISO,新鮮市場東本郷店,35.82524,139.76102,"埼玉県川口市東本郷1130-1 新鮮市場東本郷店2階 毎週水曜日は定休日",shop4,SAITAMAGUNMA_SAITAMA
DAISO,コモディイイダ東領家店,35.79745,139.74934,"埼玉県川口市東領家2-18-2 コモディイイダ東領家店内",shop4,SAITAMAGUNMA_SAITAMA
DAISO,コーナン川口前川店,35.82783,139.70982,埼玉県川口市南前川1丁目16番7号,shop4,SAITAMAGUNMA_SAITAMA
DAISO,コモディイイダ仲町店,35.80502,139.70619,"埼玉県川口市南町2-4-35 コモディイイダ仲町店2階",shop4,SAITAMAGUNMA_SAITAMA
DAISO,コモディイイダ鳩ヶ谷店,35.81206,139.73851,"埼玉県川口市南鳩ヶ谷4-23-2 コモディイイダ鳩ヶ谷店2階",shop4,SAITAMAGUNMA_SAITAMA
DAISO,コモディイイダ南鳩ヶ谷店,35.81987,139.73091,埼玉県川口市南鳩ヶ谷6-17-9,shop4,SAITAMAGUNMA_SAITAMA
DAISO,ビーンズ西川口店,35.81556,139.70467,埼玉県川口市並木2-20-1ビーンズ西川口4階,shop4,SAITAMAGUNMA_SAITAMA
DAISO,アリオ川口店,35.80885,139.71376,"埼玉県川口市並木元町1-79 アリオ川口1階",shop4,SAITAMAGUNMA_SAITAMA
DAISO,ミエルかわぐち店,35.80089,139.72737,埼玉県川口市本町2-7-25ミエルかわぐち2階,shop4,SAITAMAGUNMA_SAITAMA
DAISO,マルエツ草加稲荷店,35.82979,139.82437,埼玉県草加市稲荷3-3-33マルエツ草加稲荷店2階,shop4,SAITAMAGUNMA_SAITAMA
DAISO,マルエツ松原店,35.84705,139.80048,埼玉県草加市栄町3-8-13,shop4,SAITAMAGUNMA_SAITAMA
DAISO,島忠草加店,35.83532,139.78935,埼玉県草加市花栗2-7-21,shop4,SAITAMAGUNMA_SAITAMA
DAISO,"Standard Products アコス草加店",35.82785,139.80446,"埼玉県草加市高砂2-7-1 アコス草加南館4階",shop4,SAITAMAGUNMA_SAITAMA
DAISO,アコス草加店,35.82785,139.80446,"埼玉県草加市高砂2-7-1 アコス草加南館4階",shop4,SAITAMAGUNMA_SAITAMA
DAISO,トーブイコート店,35.84571,139.79189,"埼玉県草加市松原3-3-1 トーブイコート2階",shop4,SAITAMAGUNMA_SAITAMA
DAISO,谷塚駅前店,35.81422,139.80229,埼玉県草加市瀬崎1丁目9番1号谷塚コリーナ2階,shop4,SAITAMAGUNMA_SAITAMA
DAISO,ベルクスタウン草加青柳店,35.85461,139.81252,埼玉県草加市青柳5-22-28ベルクスタウン草加青柳B館,shop4,SAITAMAGUNMA_SAITAMA
DAISO,マツバラテラス店,35.83942,139.79811,埼玉県草加市草加3-9-13中山ビル3階,shop4,SAITAMAGUNMA_SAITAMA
DAISO,モールプラザ草加店,35.82707,139.81252,埼玉県草加市中央1-6-6,shop4,SAITAMAGUNMA_SAITAMA
DAISO,やまや草加柳島店,35.8219,139.78618,埼玉県草加市柳島町475-1,shop4,SAITAMAGUNMA_SAITAMA
DAISO,島忠ホームズ草加舎人店,35.81807,139.76822,"埼玉県草加市遊馬町2-1 2階",shop4,SAITAMAGUNMA_SAITAMA
DAISO,フォルテ寄居店,36.11377,139.19717,埼玉県大里郡寄居町寄居618-1,shop4,SAITAMAGUNMA_GUNMA
DAISO,ヤオコー皆野ショッピングプラザ店,36.07568,139.10316,埼玉県秩父郡皆野町大字皆野1837-1,shop4,SAITAMAGUNMA_GUNMA
DAISO,業務スーパー小鹿野店,36.02028,139.00824,埼玉県秩父郡小鹿野町小鹿野1972-1,shop4,SAITAMAGUNMA_GUNMA
DAISO,ウニクス秩父店,35.99683,139.08878,埼玉県秩父市上野町805-14ウニクス秩父2階,shop4,SAITAMAGUNMA_GUNMA
DAISO,フーコット秩父店,36.02185,139.09744,埼玉県秩父市大野原680,shop4,SAITAMAGUNMA_GUNMA
DAISO,マルエツ朝霞店,35.79952,139.59296,"埼玉県朝霞市本町1-12-10 マルエツ朝霞店3階",shop4,SAITAMAGUNMA_SAITAMA
DAISO,鶴ヶ島脚折店,35.94354,139.39325,埼玉県鶴ヶ島市脚折町6丁目31-3,shop4,SAITAMAGUNMA_SAITAMA
DAISO,鶴ヶ島店,35.94078,139.42516,埼玉県鶴ヶ島市五味ケ谷10-2,shop4,SAITAMAGUNMA_SAITAMA
DAISO,"Standard Products ワカバウォーク店",35.94944,139.41052,"埼玉県鶴ヶ島市富士見1-2-1 ヤオコーワカバウォーク2階",shop4,SAITAMAGUNMA_SAITAMA
DAISO,ワカバウォーク店,35.94944,139.41052,埼玉県鶴ヶ島市富士見1-2-1ヤオコーワカバウォーク2階,shop4,SAITAMAGUNMA_SAITAMA
DAISO,東松山店,36.03936,139.41315,"埼玉県東松山市松本町2-1-60 2階",shop4,SAITAMAGUNMA_SAITAMA
DAISO,東松山シルピア店,36.03952,139.38788,埼玉県東松山市松葉町4-3-18東松山シルピア内,shop4,SAITAMAGUNMA_SAITAMA
DAISO,ヤオコー東松山新宿町店,36.03077,139.42096,埼玉県東松山市新宿町17番地1,shop4,SAITAMAGUNMA_SAITAMA
DAISO,宮代川端店,36.00418,139.74287,埼玉県南埼玉郡宮代町川端3-9-20,shop4,SAITAMAGUNMA_SAITAMA
DAISO,セイムス日高高萩店,35.90772,139.37392,"埼玉県日高市高萩2306-3 セイムス日高高萩店内",shop4,SAITAMAGUNMA_GUNMA
DAISO,生鮮市場TOP高麗川店,35.89568,139.33565,"埼玉県日高市高麗川3-1-1 生鮮市場TOP高麗川2階",shop4,SAITAMAGUNMA_GUNMA
DAISO,アクロスプラザ三芳店,35.83858,139.52382,埼玉県入間郡三芳町大字藤久保855-3アクロスプラザ三芳2階,shop4,SAITAMAGUNMA_SAITAMA
DAISO,いなげや毛呂店,35.94621,139.31461,"埼玉県入間郡毛呂山町岩井西2丁目14番地6 いなげや毛呂店2階",shop4,SAITAMAGUNMA_GUNMA
DAISO,イオンタウン毛呂山店,35.9459079,139.3299928,埼玉県入間郡毛呂山町川角西原58番,shop4,SAITAMAGUNMA_GUNMA
DAISO,コーナン入間春日町店,35.84853,139.37712,埼玉県入間市春日町1-12-1,shop4,SAITAMAGUNMA_SAITAMA
DAISO,イオン入間店,35.82187,139.39487,埼玉県入間市上藤沢462-1イオン入間店1階,shop4,SAITAMAGUNMA_SAITAMA
DAISO,セイムス入間あずま町店,35.8259952,139.4023095,埼玉県入間市東町7丁目1253-1,shop4,SAITAMAGUNMA_SAITAMA
DAISO,"Standard Products グリーンガーデン武蔵藤沢店",35.82027,139.41374,埼玉県入間市東藤沢3-4-4,shop4,SAITAMAGUNMA_SAITAMA
DAISO,グリーンガーデン武蔵藤沢店,35.82027,139.41374,埼玉県入間市東藤沢3-4-4,shop4,SAITAMAGUNMA_SAITAMA
DAISO,入間サイオス店,35.83552,139.38628,埼玉県入間市豊岡2-1-1入間ショッピングプラザ・サイオス1階,shop4,SAITAMAGUNMA_SAITAMA
DAISO,フレスポ八潮店,35.8085658,139.8441583,埼玉県八潮市大瀬1丁目1番地3フレスポ八潮3階,shop4,SAITAMAGUNMA_SAITAMA
DAISO,イオン八潮南店,35.80931,139.82959,"埼玉県八潮市大曽根273-5 イオン八潮南店 3階",shop4,SAITAMAGUNMA_SAITAMA
DAISO,ローソンストア100八潮中央店,35.82068,139.83121,埼玉県八潮市中央3-11,shop4,SAITAMAGUNMA_SAITAMA
DAISO,フーコット飯能ショッピングセンター店,35.85145,139.34315,埼玉県飯能市大字新光1-1フーコット飯能ショッピングセンター内,shop4,SAITAMAGUNMA_GUNMA
DAISO,マミーマート飯能武蔵丘店,35.86673,139.31163,埼玉県飯能市大字飯能1038-6マミーマート飯能武蔵丘店1階,shop4,SAITAMAGUNMA_GUNMA
DAISO,西武飯能ペペ店,35.85107,139.31964,埼玉県飯能市仲町11-21西武飯能ペペ4階,shop4,SAITAMAGUNMA_GUNMA
DAISO,飯能緑町店,35.8517,139.33127,埼玉県飯能市緑町15-3,shop4,SAITAMAGUNMA_GUNMA
DAISO,ヤオコーみどりが丘店,36.06821,139.2598,"埼玉県比企郡小川町みどりが丘2-8-1 ヤオコーみどりが丘店内",shop4,SAITAMAGUNMA_GUNMA
DAISO,ヤオコー川島店,35.98862,139.44685,"埼玉県比企郡川島町中山1373-1 ヤオコー川島店内",shop4,SAITAMAGUNMA_SAITAMA
DAISO,ヤオコー嵐山バイパス店,36.0421967,139.3159726,埼玉県比企郡嵐山町大字平澤2440番地,shop4,SAITAMAGUNMA_GUNMA
DAISO,ふじみ野ナーレ店,35.86087,139.52332,"埼玉県富士見市ふじみ野東1-1-1 ふじみ野ナーレ店2階",shop4,SAITAMAGUNMA_SAITAMA
DAISO,ららぽーと富士見店,35.85875,139.54791,"埼玉県富士見市山室1-1313 3階 3450",shop4,SAITAMAGUNMA_SAITAMA
DAISO,"Standard Products ららぽーと富士見店",35.85875,139.54791,"埼玉県富士見市山室1-1313 ららぽーと富士見3階",shop4,SAITAMAGUNMA_SAITAMA
DAISO,マルエツみずほ台店,35.83588,139.54916,埼玉県富士見市西みずほ台2-3-7,shop4,SAITAMAGUNMA_SAITAMA
DAISO,いなげや松伏店,35.92653,139.82236,埼玉県北葛飾郡松伏町松葉1-5-3いなげや松伏店,shop4,SAITAMAGUNMA_SAITAMA
DAISO,ベルクス杉戸店,36.02932,139.73105,"埼玉県北葛飾郡杉戸町杉戸2-9-20 ベルクス杉戸店2階",shop4,SAITAMAGUNMA_SAITAMA
DAISO,ウニクス伊奈店,36.01007,139.61311,埼玉県北足立郡伊奈町学園2-188-1ウニクス伊奈2階,shop4,SAITAMAGUNMA_SAITAMA
DAISO,北本南店,36.01158,139.54552,埼玉県北本市下石戸7-37,shop4,SAITAMAGUNMA_SAITAMA
DAISO,いなげや北本駅前店,36.03208,139.53214,埼玉県北本市中央3丁目45,shop4,SAITAMAGUNMA_SAITAMA
DAISO,とりせん北本店,36.03087,139.54932,埼玉県北本市北中丸1-75-1,shop4,SAITAMAGUNMA_SAITAMA
DAISO,ヤオコー児玉バイパス店,36.19078,139.14311,埼玉県本庄市児玉町児玉2318-1,shop4,SAITAMAGUNMA_GUNMA
DAISO,ベスタ本庄店,36.2324,139.21019,埼玉県本庄市寿3丁目5-17,shop4,SAITAMAGUNMA_GUNMA
DAISO,"Standard Products ビバモール本庄店",36.24367,139.1876616,"埼玉県本庄市中央2-62-1 ビバモール本庄2階",shop4,SAITAMAGUNMA_GUNMA
DAISO,ビバモール本庄店,36.24367,139.1876616,"埼玉県本庄市中央2-62-1 ビバモール本庄2階",shop4,SAITAMAGUNMA_GUNMA
DAISO,蓮田店,36.01144,139.65367,埼玉県蓮田市西新宿5-162,shop4,SAITAMAGUNMA_SAITAMA
DAISO,マルエツ蓮田椿山店,35.99683,139.65508,埼玉県蓮田市椿山2-12-15,shop4,SAITAMAGUNMA_SAITAMA
DAISO,MEGAドンキホーテ蓮田店,35.98029,139.65779,埼玉県蓮田市東4-5-13MEGAドンキホーテ蓮田店2階,shop4,SAITAMAGUNMA_SAITAMA
DAISO,和光店,35.78586,139.60468,埼玉県和光市本町31-1シーアイハイツ和光SC別館1階,shop4,SAITAMAGUNMA_SAITAMA
DAISO,ビバモール蕨錦町店,35.82169,139.67798,"埼玉県蕨市錦町1-12-1 ビバモール蕨錦町2階",shop4,SAITAMAGUNMA_SAITAMA
DAISO,マルエツ蕨店,35.82579,139.68663,埼玉県蕨市中央3-20-13マルエツ蕨店2階,shop4,SAITAMAGUNMA_SAITAMA
DAISO,蕨中央店,35.82782,139.69229,埼玉県蕨市塚越1-5-6,shop4,SAITAMAGUNMA_SAITAMA
DAISO,マルエツ蕨北町店,35.83133,139.67274,"埼玉県蕨市北町5-4-32 マルエツ蕨北町店1階",shop4,SAITAMAGUNMA_SAITAMA
キャスティング,岩槻インター店,35.94588,139.71313,埼玉県さいたま市岩槻区府内2-1-58,shop2,SAITAMAGUNMA_SAITAMA
キャスティング,新大宮バイパス店,35.93262,139.59531,埼玉県さいたま市西区内野本郷378,shop2,SAITAMAGUNMA_SAITAMA
キャスティング,ふじみ野店,35.85318,139.51689,埼玉県ふじみ野市大井1-2-41,shop2,SAITAMAGUNMA_SAITAMA
キャスティング,戸田店,35.81549,139.66106,埼玉県戸田市新曽2360-1,shop2,SAITAMAGUNMA_SAITAMA
キャスティング,草加バイパス店,35.85195,139.78394,埼玉県草加市清門2-1-35,shop2,SAITAMAGUNMA_SAITAMA
キャスティング,朝霞店,35.79,139.58308,埼玉県朝霞市膝折町2-13-61,shop2,SAITAMAGUNMA_SAITAMA
キャスティング,東松山高坂店,36.00333,139.4064,埼玉県東松山市あずま町3丁目1番2,shop2,SAITAMAGUNMA_SAITAMA
セリア,アクロスプラザ笠懸店,36.391019,139.304693,群馬県みどり市笠懸町阿左美1308-1,shop4,SAITAMAGUNMA_GUNMA
セリア,大間々店,36.41697,139.28557,群馬県みどり市大間々町大間々401-1セキチュー大間々店横,shop4,SAITAMAGUNMA_GUNMA
セリア,ベイシア安中店,36.33404,138.92401,"群馬県安中市中宿2130ベイシア安中店 1F",shop4,SAITAMAGUNMA_GUNMA
セリア,ベイシア西部モール店,36.33125,139.16042,"群馬県伊勢崎市宮子町3423-15ベイシア西部モール店 1F",shop4,SAITAMAGUNMA_GUNMA
セリア,伊勢崎寿モール店,36.33094,139.19943,群馬県伊勢崎市寿町164-1,shop4,SAITAMAGUNMA_GUNMA
セリア,フレッセイ田部井店,36.34721,139.24922,群馬県伊勢崎市田部井町2-479,shop4,SAITAMAGUNMA_GUNMA
セリア,とりせん茂呂店,36.297523,139.210149,群馬県伊勢崎市茂呂町2-3543-9,shop4,SAITAMAGUNMA_GUNMA
セリア,"生活良品 伊勢崎店",36.30822,139.18436,群馬県伊勢崎市連取町2354,shop4,SAITAMAGUNMA_GUNMA
セリア,カインズ富岡甘楽店,36.2572,138.92268,"群馬県甘楽郡甘楽町福島900カインズスーパーセンター富岡甘楽店 1F",shop4,SAITAMAGUNMA_GUNMA
セリア,"生活良品 館林店",36.24085,139.56979,群馬県館林市楠町3647-1,shop4,SAITAMAGUNMA_SAITAMA
セリア,"生活良品 メガドンキホーテ桐生店",36.41252,139.33588,"群馬県桐生市永楽町5-10メガドンキホーテ桐生店 3F",shop4,SAITAMAGUNMA_GUNMA
セリア,ベイシア新里店,36.4192,139.2346,"群馬県桐生市新里町小林235-1ベイシア新里店 1F",shop4,SAITAMAGUNMA_GUNMA
セリア,ベルク中之条店,36.5837825,138.8613315,群馬県吾妻郡中之条町伊勢町150,shop4,SAITAMAGUNMA_GUNMA
セリア,ベイシア吉井店,36.26107,138.98882,"群馬県高崎市吉井町吉井627ベイシア吉井店 1F",shop4,SAITAMAGUNMA_GUNMA
セリア,ベイシア榛名店,36.3648317,138.9132696,"群馬県高崎市中里見町字根岸79ベイシア榛名店 1F",shop4,SAITAMAGUNMA_GUNMA
セリア,うおかつ群馬町店,36.38416,139.00133,群馬県高崎市棟高町145-2パワーセンターうおかつ群馬町内,shop4,SAITAMAGUNMA_GUNMA
セリア,高崎オーパ店,36.32315,139.011,"群馬県高崎市八島町46-1高崎OPA 6F",shop4,SAITAMAGUNMA_GUNMA
セリア,高崎店,36.34139,139.00052,群馬県高崎市飯塚町741-1,shop4,SAITAMAGUNMA_GUNMA
セリア,コープみさと店,36.380423,138.961019,"群馬県高崎市箕郷町上芝501-1HALUNAMO ショッピングモール内",shop4,SAITAMAGUNMA_GUNMA
セリア,アピタ高崎店,36.309713,139.054406,"群馬県高崎市矢中町字渕ノ内668-1アピタ高崎店 2F",shop4,SAITAMAGUNMA_GUNMA
セリア,玉村店,36.2966,139.11996,群馬県佐波郡玉村町上之手1689-2,shop4,SAITAMAGUNMA_GUNMA
セリア,ベイシア渋川こもち店,36.51791,139.01424,"群馬県渋川市吹屋657-30ベイシア渋川こもち店 1F",shop4,SAITAMAGUNMA_GUNMA
セリア,フレッセイ有馬店,36.4759415,139.0071552,群馬県渋川市有馬83-1,shop4,SAITAMAGUNMA_GUNMA
セリア,ベイシア前橋岩神店,36.40025,139.05574,群馬県前橋市岩神町2-22,shop4,SAITAMAGUNMA_GUNMA
セリア,"生活良品 ガーデン前橋店",36.35605,139.12904,"群馬県前橋市小屋原町472-1ガーデン前橋 1F",shop4,SAITAMAGUNMA_GUNMA
セリア,カインズ前橋小島田店,36.37304,139.13457,群馬県前橋市小島田町178,shop4,SAITAMAGUNMA_GUNMA
セリア,ベイシア電器前橋モール店,36.39688,139.09985,"群馬県前橋市上泉町679-7ベイシア電器前橋モール店 1F",shop4,SAITAMAGUNMA_GUNMA
セリア,前橋みなみモール店,36.329805,139.092434,群馬県前橋市新堀町1047前橋みなみモール内,shop4,SAITAMAGUNMA_GUNMA
セリア,ショッピングタウン川原店,36.42725,139.04314,群馬県前橋市川原町2-4-11ショッピングタウン川原内,shop4,SAITAMAGUNMA_GUNMA
セリア,ベルク前橋総社町店,36.40791,139.02663,群馬県前橋市総社町高井870-1ベルク前橋総社町内,shop4,SAITAMAGUNMA_GUNMA
セリア,とりせん時沢店,36.42779,139.08543,群馬県前橋市富士見町時沢791時沢ショッピングモール内,shop4,SAITAMAGUNMA_GUNMA
セリア,けやきウォーク前橋店,36.3791,139.07837,"群馬県前橋市文京町2-1-1けやきウォーク前橋 2F",shop4,SAITAMAGUNMA_GUNMA
セリア,ベイシア尾島店,36.25985,139.31219,"群馬県太田市安養寺町15ベイシア尾島店 1F",shop4,SAITAMAGUNMA_SAITAMA
セリア,カインズ太田丸山店,36.345359,139.38052,群馬県太田市丸山町1260-1,shop4,SAITAMAGUNMA_SAITAMA
セリア,ヤオコー太田小舞木店,36.28301,139.39136,群馬県太田市小舞木町204-2ヤオコー太田小舞木内,shop4,SAITAMAGUNMA_SAITAMA
セリア,Aコープ太田藪塚店,36.36534,139.27765,"群馬県太田市大原町2311-1Aコープ太田藪塚店 1F",shop4,SAITAMAGUNMA_SAITAMA
セリア,ベイシアおおたモール店,36.27687,139.38519,"群馬県太田市飯塚町626-1パワーモールおおた 1F",shop4,SAITAMAGUNMA_SAITAMA
セリア,フォルテ太田店,36.3022425,139.3323549,群馬県太田市脇屋町799-1フォルテ太田内,shop4,SAITAMAGUNMA_SAITAMA
セリア,藤岡店,36.256355,139.086714,群馬県藤岡市下栗須165,shop4,SAITAMAGUNMA_GUNMA
セリア,ベイシア富岡店,36.2608698,138.8662499,"群馬県富岡市黒川650ベイシア富岡店 1F",shop4,SAITAMAGUNMA_GUNMA
セリア,とりせん大泉店,36.24733,139.40681,"群馬県邑楽郡大泉町日の出53-1とりせん大泉店 2F",shop4,SAITAMAGUNMA_SAITAMA
セリア,"生活良品 北浦和店",35.87142,139.64839,埼玉県さいたま市浦和区元町２−１−３元町シティー　２Ｆ,shop4,SAITAMAGUNMA_SAITAMA
セリア,ヤオコー岩槻本丸店,35.95524,139.70758,埼玉県さいたま市岩槻区本丸３−２０−４５ヤオコー岩槻本丸店　２Ｆ,shop4,SAITAMAGUNMA_SAITAMA
セリア,ハレノテラス東大宮店,35.94556,139.65132,埼玉県さいたま市見沼区島町３９３ハレノテラス　Ｂ棟,shop4,SAITAMAGUNMA_SAITAMA
セリア,東大宮西口店,35.94814,139.63507,埼玉県さいたま市見沼区東大宮２−３５−２,shop4,SAITAMAGUNMA_SAITAMA
セリア,ヨークフーズ中浦和店,35.85273,139.62772,埼玉県さいたま市桜区西堀４−３−２３ヨークフーズ中浦和店　２Ｆ,shop4,SAITAMAGUNMA_SAITAMA
セリア,ヤオコー西大宮店,35.93138,139.5791,埼玉県さいたま市西区西大宮４−５−１,shop4,SAITAMAGUNMA_SAITAMA
セリア,"生活良品 大宮櫛引店",35.91495,139.60654,埼玉県さいたま市大宮区櫛引町１−７９５−４,shop4,SAITAMAGUNMA_SAITAMA
セリア,大宮マルイ店,35.90699,139.6218,埼玉県さいたま市大宮区桜木町２−３大宮マルイ　３Ｆ,shop4,SAITAMAGUNMA_SAITAMA
セリア,大宮門街店,35.9073989,139.6273474,埼玉県さいたま市大宮区大門町２−１１８大宮門街　１Ｆ,shop4,SAITAMAGUNMA_SAITAMA
セリア,西友与野店,35.88457,139.63193,埼玉県さいたま市中央区下落合３−７−９西友与野店　３Ｆ,shop4,SAITAMAGUNMA_SAITAMA
セリア,島忠ホームズ与野店,35.87674,139.63571,埼玉県さいたま市中央区新中里３−２０−３０島忠ホームズ与野店　１Ｆ,shop4,SAITAMAGUNMA_SAITAMA
セリア,ザ・マーケットプレイス武蔵浦和店,35.84484,139.6461,埼玉県さいたま市南区沼影１−８−１８ザ・マーケットプレイス武蔵浦和　３Ｆ,shop4,SAITAMAGUNMA_SAITAMA
セリア,イトーヨーカドー大宮宮原店,35.9327,139.62244,埼玉県さいたま市北区宮原町１−８５４−１イトーヨーカドー大宮宮原店　２Ｆ,shop4,SAITAMAGUNMA_SAITAMA
セリア,ヨークマート日進店,35.93517,139.6089,埼玉県さいたま市北区日進町２−１９１６−８イスタ日進　ヨークマート日進店　２Ｆ,shop4,SAITAMAGUNMA_SAITAMA
セリア,ベルクス浦和原山店,35.87127,139.67001,埼玉県さいたま市緑区原山２−２８−１ベルクス浦和原山店　２Ｆ,shop4,SAITAMAGUNMA_SAITAMA
セリア,トナリエふじみ野店,35.85702,139.52371,埼玉県ふじみ野市うれし野２−１０−８７ショッピングセンタートナリエふじみ野　１Ｆ,shop4,SAITAMAGUNMA_SAITAMA
セリア,ビバモール埼玉大井店,35.86126,139.50232,埼玉県ふじみ野市西鶴ケ岡１−３−１５ビバモール埼玉大井　２Ｆ,shop4,SAITAMAGUNMA_SAITAMA
セリア,生鮮市場ＴＯＰ鶴ケ舞店,35.86617,139.50998,埼玉県ふじみ野市鶴ケ舞２−２−１７,shop4,SAITAMAGUNMA_SAITAMA
セリア,羽生店,36.17447,139.54453,埼玉県羽生市東１−４−２５,shop4,SAITAMAGUNMA_SAITAMA
セリア,イオンレイクタウンｋａｚｅ店,35.87777,139.82506,埼玉県越谷市レイクタウン４−２−２イオンレイクタウンｋａｚｅ店　３Ｆ,shop4,SAITAMAGUNMA_SAITAMA
セリア,ジャパンミート越谷店,35.93184,139.78709,埼玉県越谷市上間久里３０８−１ジャパンミート卸売市場越谷店　２Ｆ,shop4,SAITAMAGUNMA_SAITAMA
セリア,ピアシティ越谷大袋店,35.92237,139.7614,埼玉県越谷市大道７１５ピアシティ越谷大袋内,shop4,SAITAMAGUNMA_SAITAMA
セリア,ライフ北越谷店,35.89986,139.7757,埼玉県越谷市北越谷２−３８−８ライフ北越谷店　２Ｆ,shop4,SAITAMAGUNMA_SAITAMA
セリア,越谷ツインシティ店,35.8891638,139.7868229,埼玉県越谷市弥生町１７−１越谷ツインシティ　Ａシティ　２Ｆ,shop4,SAITAMAGUNMA_SAITAMA
セリア,ベニバナウォーク桶川店,35.9965101,139.550548,埼玉県桶川市下日出谷東２−１５−１ベニバナウォーク桶川　２Ｆ,shop4,SAITAMAGUNMA_SAITAMA
セリア,"生活良品 桶川坂田店",36.0108,139.57771,埼玉県桶川市坂田東１丁目２５番５,shop4,SAITAMAGUNMA_SAITAMA
セリア,ビバモール加須店,36.11061,139.60739,埼玉県加須市下高柳１−２９ビバモール加須内,shop4,SAITAMAGUNMA_SAITAMA
セリア,ピアシティ大利根店,36.131889,139.678226,埼玉県加須市北下新井字野中９５ピアシティ大利根内,shop4,SAITAMAGUNMA_SAITAMA
セリア,イオンタウン吉川美南店,35.86645,139.85783,埼玉県吉川市美南３−２３−１イオンタウン吉川美南　２Ｆ,shop4,SAITAMAGUNMA_SAITAMA
セリア,アリオ鷲宮店,36.07867,139.66133,埼玉県久喜市久本寺谷田７−１アリオ鷲宮　２Ｆ,shop4,SAITAMAGUNMA_SAITAMA
セリア,ベイシア栗橋店,36.13103,139.71028,埼玉県久喜市栗橋東６−１５−１ベイシア栗橋店　１Ｆ,shop4,SAITAMAGUNMA_SAITAMA
セリア,ヤオコー久喜菖蒲店,36.0732279,139.6138922,埼玉県久喜市菖蒲町菖蒲７００１,shop4,SAITAMAGUNMA_SAITAMA
セリア,ベイシアタウン新狭山店,35.87339,139.4277,埼玉県狭山市新狭山２−２０−３ベイシアタウン新狭山　２Ｆ,shop4,SAITAMAGUNMA_SAITAMA
セリア,熊谷上之店,36.14522,139.41077,埼玉県熊谷市上之３１１４−１,shop4,SAITAMAGUNMA_SAITAMA
セリア,生鮮市場ＴＯＰ籠原店,36.17298,139.32135,埼玉県熊谷市新堀新田５２３マミーマート生鮮市場ＴＯＰ籠原店　２Ｆ,shop4,SAITAMAGUNMA_SAITAMA
セリア,熊谷ティアラ２１店,36.13941,139.39204,埼玉県熊谷市筑波３−２０２熊谷ティアラ　１Ｆ,shop4,SAITAMAGUNMA_SAITAMA
セリア,ベイシア行田店,36.13056,139.45187,埼玉県行田市持田１０８０ベイシア行田店　１Ｆ,shop4,SAITAMAGUNMA_SAITAMA
セリア,ＦＵＪＩ　ＭＡＬＬ吹上店,36.09516,139.46638,埼玉県鴻巣市袋９０−１ＦＵＪＩ　ＭＡＬＬ吹上　２Ｆ,shop4,SAITAMAGUNMA_SAITAMA
セリア,"生活良品 鴻巣店",36.05399,139.50995,埼玉県鴻巣市氷川町２−１,shop4,SAITAMAGUNMA_SAITAMA
セリア,エルミこうのすショッピングモール店,36.0592,139.51031,埼玉県鴻巣市本町１−１−２エルミこうのすショッピングモール　３Ｆ,shop4,SAITAMAGUNMA_SAITAMA
セリア,坂戸入西店,35.96967,139.37416,埼玉県坂戸市にっさい花みず木２−６−１,shop4,SAITAMAGUNMA_SAITAMA
セリア,ヤオコー坂戸千代田店,35.95771,139.40565,埼玉県坂戸市千代田２−６−７０ヤオコー坂戸千代田店　２Ｆ,shop4,SAITAMAGUNMA_SAITAMA
セリア,イトーヨーカドー三郷店,35.8432656,139.8541791,埼玉県三郷市ピアラシティ１−１−１イトーヨーカドー三郷店　２Ｆ,shop4,SAITAMAGUNMA_SAITAMA
セリア,ベルク三郷戸ヶ崎店,35.79995,139.86743,埼玉県三郷市戸ケ崎３−５７９,shop4,SAITAMAGUNMA_SAITAMA
セリア,コモディイイダ三郷店,35.78532,139.88283,埼玉県三郷市高州２−４４９−１コモディイイダ三郷店　２Ｆ,shop4,SAITAMAGUNMA_SAITAMA
セリア,マルイファミリー志木店,35.8234,139.57436,埼玉県志木市本町５−２６−１マルイファミリー志木　６Ｆ,shop4,SAITAMAGUNMA_SAITAMA
セリア,ベルク七本木店,36.238,139.16342,埼玉県児玉郡上里町七本木２５５８ベルク七本木モール内,shop4,SAITAMAGUNMA_GUNMA
セリア,イオンモール春日部店,35.98758,139.7886,埼玉県春日部市下柳４２０−１イオンモール春日部　２Ｆ,shop4,SAITAMAGUNMA_SAITAMA
セリア,ララガーデン春日部店,35.97744,139.75476,埼玉県春日部市南１−１−１ララガーデン春日部　１Ｆ,shop4,SAITAMAGUNMA_SAITAMA
セリア,いなげや所沢西武園店,35.77284,139.44623,埼玉県所沢市荒幡１３５９−１７,shop4,SAITAMAGUNMA_SAITAMA
セリア,"TOCOTOCO SQUARE店",35.7891,139.47034,埼玉県所沢市東町５−２２ＴＯＣＯＴＯＣＯ　ＳＱＵＡＲＥ　３Ｆ,shop4,SAITAMAGUNMA_SAITAMA
セリア,西友所沢駅前店,35.78699,139.47305,埼玉県所沢市日吉町１−１３西友所沢駅前店　４Ｆ,shop4,SAITAMAGUNMA_SAITAMA
セリア,西友新所沢店,35.80627,139.45633,埼玉県所沢市緑町１−２１−２６西友新所沢店　４Ｆ,shop4,SAITAMAGUNMA_SAITAMA
セリア,イオンモール上尾店,35.96487,139.59967,埼玉県上尾市愛宕３−８−１イオンモール上尾　２Ｆ,shop4,SAITAMAGUNMA_SAITAMA
セリア,ベイシア上尾平塚店,35.99286,139.59929,埼玉県上尾市平塚２５１８−１ベイシア上尾平塚モール　１Ｆ,shop4,SAITAMAGUNMA_SAITAMA
セリア,いなげや新座東店,35.8144,139.569,埼玉県新座市東３−１−１いなげや新座東店　１Ｆ,shop4,SAITAMAGUNMA_SAITAMA
セリア,西友新座店,35.80192,139.57138,埼玉県新座市野火止８−１６−１３西友新座店　１Ｆ,shop4,SAITAMAGUNMA_SAITAMA
セリア,コープみらい深谷店,36.1981,139.27856,埼玉県深谷市栄町３−２３コープみらい深谷店　１Ｆ,shop4,SAITAMAGUNMA_GUNMA
セリア,ココトク！ふかや花園店,36.12735,139.23972,埼玉県深谷市荒川１０５０,shop4,SAITAMAGUNMA_GUNMA
セリア,カインズ深谷川本店,36.15039,139.29396,埼玉県深谷市長在家１７６８カインズ深谷川本店　１Ｆ,shop4,SAITAMAGUNMA_GUNMA
セリア,いなげや川越店,35.90203,139.4738,埼玉県川越市旭町２−１２−１０,shop4,SAITAMAGUNMA_SAITAMA
セリア,東武霞ヶ関店,35.92558,139.44228,埼玉県川越市霞ケ関東１−１−４霞ヶ関駅ビル　２Ｆ,shop4,SAITAMAGUNMA_SAITAMA
セリア,ウニクス南古谷店,35.90562,139.51302,埼玉県川越市泉町３−１ウニクス南古谷プラザ棟　２Ｆ,shop4,SAITAMAGUNMA_SAITAMA
セリア,アトレマルヒロ店,35.90838,139.48305,埼玉県川越市脇田町１０５アトレマルヒロ　Ｂ１Ｆ,shop4,SAITAMAGUNMA_SAITAMA
セリア,Ｕ＿ＰＬＡＣＥ川越店,35.90593,139.48114,埼玉県川越市脇田本町８−１Ｕ＿ＰＬＡＣＥ　２Ｆ,shop4,SAITAMAGUNMA_SAITAMA
セリア,マミーマート川口安行店,35.8576,139.75999,埼玉県川口市安行藤八５６２マミーマート川口安行店　２Ｆ,shop4,SAITAMAGUNMA_SAITAMA
セリア,イオンモール川口店,35.83961,139.72353,埼玉県川口市安行領根岸３１８０イオンモール川口　３Ｆ,shop4,SAITAMAGUNMA_SAITAMA
セリア,西友鳩ヶ谷店,35.82985,139.74159,埼玉県川口市坂下町２−５−１４西友鳩ヶ谷店　３Ｆ,shop4,SAITAMAGUNMA_SAITAMA
セリア,西友川口芝店,35.84143,139.69504,埼玉県川口市芝高木２−１−１西友川口芝店　２Ｆ,shop4,SAITAMAGUNMA_SAITAMA
セリア,西川口店,35.81547,139.70338,埼玉県川口市西川口１−６−３西川口ビル　２Ｆ,shop4,SAITAMAGUNMA_SAITAMA
セリア,コモディイイダ川口青木店,35.80603,139.72636,埼玉県川口市青木１−６−１コモディイイダ川口青木店　２Ｆ,shop4,SAITAMAGUNMA_SAITAMA
セリア,イオンモール川口前川店,35.83382,139.70738,埼玉県川口市前川１−１−１１イオンモール川口前川　３Ｆ,shop4,SAITAMAGUNMA_SAITAMA
セリア,島忠ホームズ川口朝日店,35.81307,139.73976,埼玉県川口市朝日４−３−１４島忠ホームズ川口朝日店　１Ｆ,shop4,SAITAMAGUNMA_SAITAMA
セリア,"生活良品 東川口店",35.87643,139.74498,埼玉県川口市東川口２−２−１２東川口第３ＦＴビル　２Ｆ,shop4,SAITAMAGUNMA_SAITAMA
セリア,ｍｉｎａｎｏｂａ川口店,35.85301,139.70226,埼玉県川口市柳崎１−２２−４ｍｉｎａｎｏｂａ川口　２Ｆ,shop4,SAITAMAGUNMA_SAITAMA
セリア,草加マルイ店,35.82873,139.80455,埼玉県草加市高砂２−９−１草加マルイ　５Ｆ,shop4,SAITAMAGUNMA_SAITAMA
セリア,草加セーモンプラザ店,35.85398,139.78407,埼玉県草加市清門１−４０１−１草加セーモンプラザ　Ｂ１Ｆ,shop4,SAITAMAGUNMA_SAITAMA
セリア,ベイシア寄居北店,36.13187,139.20438,埼玉県大里郡寄居町桜沢２９１６ベイシア寄居北店　１Ｆ,shop4,SAITAMAGUNMA_GUNMA
セリア,ベイシア寄居店,36.10463,139.23407,埼玉県大里郡寄居町富田１８４９−１ベイシア寄居店　１Ｆ,shop4,SAITAMAGUNMA_GUNMA
セリア,秩父店,35.99281,139.07941,埼玉県秩父市上町１−５−９矢尾百貨店　４Ｆ,shop4,SAITAMAGUNMA_GUNMA
セリア,くみまちモールあさか店,35.80859,139.60989,埼玉県朝霞市根岸台３−２０−１くみまちモールあさか　２Ｆ,shop4,SAITAMAGUNMA_SAITAMA
セリア,ベイシア鶴ヶ島店,35.92196,139.38847,埼玉県鶴ヶ島市三ツ木新町２−５−１５ベイシア鶴ヶ島店　１Ｆ,shop4,SAITAMAGUNMA_SAITAMA
セリア,"生活良品 鶴ヶ島店",35.93078,139.41414,埼玉県鶴ヶ島市鶴ヶ丘４５４−３,shop4,SAITAMAGUNMA_SAITAMA
セリア,ライフガーデン東松山店,36.00466,139.41267,埼玉県東松山市あずま町４−８−３ライフガーデン東松山内,shop4,SAITAMAGUNMA_SAITAMA
セリア,東松山ショッピングセンター店,36.04368,139.40833,埼玉県東松山市小松原町１１−２東松山ショッピングセンター　１Ｆ,shop4,SAITAMAGUNMA_SAITAMA
セリア,ビバモール東松山店,36.03026,139.40434,埼玉県東松山市神明町２−１１−６ビバモール東松山店　２Ｆ,shop4,SAITAMAGUNMA_SAITAMA
セリア,ベイシアひだかモール店,35.9150345,139.3732206,埼玉県日高市森戸新田字藤久保８８−５ベイシアひだかモール　１Ｆ,shop4,SAITAMAGUNMA_GUNMA
セリア,毛呂山店,35.93989,139.31407,埼玉県入間郡毛呂山町岩井西４−１１−９,shop4,SAITAMAGUNMA_GUNMA
セリア,ヤオコー入間下藤沢店,35.8151806,139.4048739,埼玉県入間市下藤沢４−２５−７ヤオコー入間下藤沢店　１Ｆ,shop4,SAITAMAGUNMA_SAITAMA
セリア,いなげや入間春日町店,35.84869,139.3812,埼玉県入間市春日町１−４−１５,shop4,SAITAMAGUNMA_SAITAMA
セリア,"生活良品 入間小谷田店",35.82804,139.36839,埼玉県入間市小谷田１３８５,shop4,SAITAMAGUNMA_SAITAMA
セリア,まるひろ入間ＳＣ店,35.83753,139.38771,埼玉県入間市豊岡１−６−１２まるひろ入間ＳＣ　４Ｆ,shop4,SAITAMAGUNMA_SAITAMA
セリア,まるひろ飯能店,35.85255,139.32628,埼玉県飯能市栄町２４−４丸広百貨店飯能店　４Ｆ,shop4,SAITAMAGUNMA_GUNMA
セリア,ベイシアなめがわモール店,36.05906,139.36934,埼玉県比企郡滑川町羽尾２７８０ベイシアなめがわモール店　１Ｆ,shop4,SAITAMAGUNMA_SAITAMA
セリア,カインズ川島インター店,35.97555,139.46681,埼玉県比企郡川島町上伊草２１０カインズスーパーモール川島内,shop4,SAITAMAGUNMA_SAITAMA
セリア,ベルク杉戸下高野店,36.04252,139.72197,埼玉県北葛飾郡杉戸町下高野２３８８−１,shop4,SAITAMAGUNMA_SAITAMA
セリア,北本二ツ家店,36.01182,139.5528,埼玉県北本市二ツ家４−８８−１北本ショッピングプラザ内,shop4,SAITAMAGUNMA_SAITAMA
セリア,ベイシア本庄早稲田ゲート店,36.22043,139.18178,埼玉県本庄市早稲田の杜２−１−１ベイシア本庄早稲田ゲート　１Ｆ,shop4,SAITAMAGUNMA_GUNMA
セリア,MEGAドン・キホーテUNY本庄店,36.23524,139.18166,埼玉県本庄市南１−２−１０ＭＥＧＡドン・キホーテＵＮＹ本庄店　２Ｆ,shop4,SAITAMAGUNMA_GUNMA
セリア,フォルテ本庄店,36.23702,139.19165,埼玉県本庄市本庄２−３−６フォルテ本庄内,shop4,SAITAMAGUNMA_GUNMA
セリア,和光市駅前店,35.78898,139.60939,埼玉県和光市本町６−５和光エイノビル　３Ｆ,shop4,SAITAMAGUNMA_SAITAMA
セリア,蕨駅東口店,35.82861,139.69096,埼玉県蕨市塚越１−２−１東武ストア蕨店　３Ｆ,shop4,SAITAMAGUNMA_SAITAMA
タックルベリー,伊勢崎みやこ町店,36.32925,139.16716,群馬県伊勢崎市宮子町2922-2,shop2,SAITAMAGUNMA_GUNMA
タックルベリー,高崎店,36.3467,138.99854,"群馬県高崎市飯塚町97-1 高義ビル1F",shop2,SAITAMAGUNMA_GUNMA
タックルベリー,前橋店,36.38455,139.08536,群馬県前橋市朝日町3-19-10,shop2,SAITAMAGUNMA_GUNMA
タックルベリー,群馬太田店,36.29935,139.34212,群馬県太田市新道町50-1,shop2,SAITAMAGUNMA_SAITAMA
タックルベリー,岩槻インター店,35.94081,139.6884,埼玉県さいたま市岩槻区加倉4-25-1,shop2,SAITAMAGUNMA_SAITAMA
タックルベリー,さいたま埼大通り店,35.86406,139.60289,埼玉県さいたま市桜区下大久保719-1,shop2,SAITAMAGUNMA_SAITAMA
タックルベリー,"BiG Berry さいたま羽生店",36.16415,139.54494,埼玉県羽生市南6丁目21-4,shop2,SAITAMAGUNMA_SAITAMA
タックルベリー,さいたま越谷店,35.91011,139.8008,埼玉県越谷市花田2-18-1,shop2,SAITAMAGUNMA_SAITAMA
タックルベリー,狭山店,35.87107,139.42508,埼玉県狭山市上奥富90-1,shop2,SAITAMAGUNMA_SAITAMA
タックルベリー,熊谷店,36.15749,139.36876,埼玉県熊谷市石原471-1,shop2,SAITAMAGUNMA_SAITAMA
タックルベリー,"BiG Berry さいたま鴻巣店",36.10027,139.46658,埼玉県鴻巣市下忍3990-1,shop2,SAITAMAGUNMA_SAITAMA
タックルベリー,春日部店,35.99359,139.75183,埼玉県春日部市小渕1029-1F,shop2,SAITAMAGUNMA_SAITAMA
タックルベリー,埼玉所沢店,35.79891,139.45868,埼玉県所沢市けやき台2-45-6,shop2,SAITAMAGUNMA_SAITAMA
タックルベリー,上尾店,35.97542,139.59575,埼玉県上尾市本町1-3-18,shop2,SAITAMAGUNMA_SAITAMA
タックルベリー,新座店,35.80293,139.55525,埼玉県新座市野火止4-7-5,shop2,SAITAMAGUNMA_SAITAMA
タックルベリー,川越店,35.93645,139.48502,埼玉県川越市山田2028-1,shop2,SAITAMAGUNMA_SAITAMA
タックルベリー,川口店,35.83237,139.70123,"埼玉県川口市芝2-26-30 平松ビル1F",shop2,SAITAMAGUNMA_SAITAMA
タックルベリー,草加店,35.82884,139.8219,"埼玉県草加市稲荷2-37-3 新栄商事ビル1F",shop2,SAITAMAGUNMA_SAITAMA
タックルベリー,さいたま東松山店,36.03396,139.41747,埼玉県東松山市六軒町22-12,shop2,SAITAMAGUNMA_SAITAMA
タックルベリー,本庄十七号店,36.24554,139.19438,埼玉県本庄市本庄4-7-8,shop2,SAITAMAGUNMA_GUNMA
つり具のブンブン,埼玉狭山店,35.87716,139.43008,埼玉県狭山市下奥富505-1,shop2,SAITAMAGUNMA_SAITAMA
上州屋,伊勢崎店,36.32694,139.1679,群馬県伊勢崎市宮子町3635-14,shop2,SAITAMAGUNMA_GUNMA
上州屋,高崎店,36.33894,139.02789,群馬県高崎市貝沢町1319-1,shop2,SAITAMAGUNMA_GUNMA
上州屋,前橋店,36.3922,139.08551,群馬県前橋市三俣町1-43-10,shop2,SAITAMAGUNMA_GUNMA
上州屋,新太田店,36.2776,139.37784,群馬県太田市西矢島町622-1,shop2,SAITAMAGUNMA_SAITAMA
上州屋,浦和店,35.83306,139.63211,埼玉県さいたま市南区内谷1-3-7,shop2,SAITAMAGUNMA_SAITAMA
上州屋,新狭山店,35.85626,139.40276,埼玉県狭山市入間川4-3-19,shop2,SAITAMAGUNMA_SAITAMA
上州屋,鴻巣店,36.06926,139.50566,埼玉県鴻巣市神明2-1-7,shop2,SAITAMAGUNMA_SAITAMA
上州屋,春日部店,35.9635,139.73174,埼玉県春日部市増富885-1,shop2,SAITAMAGUNMA_SAITAMA
上州屋,川越店,35.9471076,139.4756578,埼玉県川越市大字山田字西町934-1,shop2,SAITAMAGUNMA_SAITAMA
上州屋,東川口店,35.86571,139.73972,埼玉県川口市戸塚4-30-1,shop2,SAITAMAGUNMA_SAITAMA
上州屋,川口店,35.81826,139.73619,埼玉県川口市南鳩ケ谷6-3-2,shop2,SAITAMAGUNMA_SAITAMA
上州屋,草加店,35.8526,139.80049,埼玉県草加市旭町1-4-33,shop2,SAITAMAGUNMA_SAITAMA
,フライショップアンクルサム,36.31201,138.80319,群馬県安中市松井田町松井田379,shop0,SAITAMAGUNMA_GUNMA
,池田屋釣具店,36.31697,139.1906,群馬県伊勢崎市三光町14-5,shop0,SAITAMAGUNMA_GUNMA
,"FIELD LIFE つり倶楽部",36.3232983,139.1811716,群馬県伊勢崎市太田町1166,shop0,SAITAMAGUNMA_GUNMA
,つり具おおつか伊勢崎店,36.3143,139.17387,群馬県伊勢崎市連取町3093-45,shop0,SAITAMAGUNMA_GUNMA
,大塚釣具,36.24715,139.54279,群馬県館林市尾曳町1-16,shop0,SAITAMAGUNMA_SAITAMA
,"Sports Fishing Tools かねは商店",36.48811,139.20671,群馬県桐生市新里町赤城山1286-328,shop0,SAITAMAGUNMA_GUNMA
,つり忠,36.4042,139.3197,群馬県桐生市相生町1丁目91-6,shop0,SAITAMAGUNMA_GUNMA
,そのだスポーツ店,36.534589,138.549832,群馬県吾妻郡嬬恋村三原452,shop0,SAITAMAGUNMA_GUNMA
,プロショップオオツカ高崎店,36.34212,139.02516,群馬県高崎市貝沢町1202-1,shop0,SAITAMAGUNMA_GUNMA
,つりピットプロショップマツダ,36.33121,139.02695,群馬県高崎市江木町1499-1,shop0,SAITAMAGUNMA_GUNMA
,柳澤つり具店,36.37985,138.88481,群馬県高崎市上里見町635-1,shop0,SAITAMAGUNMA_GUNMA
,(株)嶋屋,36.32026,138.98842,"群馬県高崎市八千代町2丁目14-12 嶋屋",shop0,SAITAMAGUNMA_GUNMA
,"WILD-1 高崎店",36.34604,138.9986,群馬県高崎市飯塚町103-1,shop0,SAITAMAGUNMA_GUNMA
,"サンビーム 高崎店",36.3433,139.00052,群馬県高崎市飯塚町206-6,shop0,SAITAMAGUNMA_GUNMA
,松居つり具店,36.50109,139.01981,群馬県渋川市北橘町八崎249,shop0,SAITAMAGUNMA_GUNMA
,アングラーズパラダイス,36.65725,139.07359,群馬県沼田市横塚町19-1,shop0,SAITAMAGUNMA_GUNMA
,(有)アオキ釣具店,36.64407,139.04311,群馬県沼田市下之町875-2,shop0,SAITAMAGUNMA_GUNMA
,"フライショップ マエストロ",36.39894,139.08694,"群馬県前橋市三俣町2丁目9-2 ツクイビル 102",shop0,SAITAMAGUNMA_GUNMA
,つり具天狗屋,36.38565,139.09602,"群馬県前橋市西片貝町4丁目16-36 つり具天狗屋",shop0,SAITAMAGUNMA_GUNMA
,トラッタ,36.28139,139.38947,"群馬県太田市小舞木町88-1 岡部ビル",shop0,SAITAMAGUNMA_SAITAMA
,今井釣具店,36.26226,139.27792,群馬県太田市世良田町1010,shop0,SAITAMAGUNMA_SAITAMA
,プロショップオジーズ,36.28995,139.36383,"群馬県太田市浜町63-31 オジーズ",shop0,SAITAMAGUNMA_SAITAMA
,"Holy Lures ホーリールアーズ",36.354518,139.319845,群馬県太田市藪塚町2749-4,shop0,SAITAMAGUNMA_SAITAMA
,イワモト,36.24628,139.07936,群馬県藤岡市藤岡104,shop0,SAITAMAGUNMA_GUNMA
,(有)ゆうわ,36.25434,139.08134,群馬県藤岡市藤岡740-1,shop0,SAITAMAGUNMA_GUNMA
,釣りKING,36.20723,139.43712,群馬県邑楽郡千代田町赤岩204-7,shop0,SAITAMAGUNMA_SAITAMA
,たての釣り具,36.22242,139.64868,群馬県邑楽郡板倉町朝日野2丁目4586-26,shop0,SAITAMAGUNMA_SAITAMA
,"シバタ釣具店 羽生店",36.159201,139.58357,埼玉県羽生市中手子林1795-1,shop0,SAITAMAGUNMA_SAITAMA
,おまつり屋,36.17292,139.56094,埼玉県羽生市藤井下組171,shop0,SAITAMAGUNMA_SAITAMA
,うらしま堂渡辺つり具店,36.17017,139.56107,埼玉県羽生市北袋445-1,shop0,SAITAMAGUNMA_SAITAMA
,"WILD-1 越谷レイクタウン店",35.87873,139.81535,埼玉県越谷市レイクタウン9丁目1-29,shop0,SAITAMAGUNMA_SAITAMA
,越谷タックルアイランド・バス&トラウト,35.86546,139.8,埼玉県越谷市蒲生3丁目15-6,shop0,SAITAMAGUNMA_SAITAMA
,へら鮒かわせみ,35.88101,139.78189,埼玉県越谷市赤山町3丁目150-10,shop0,SAITAMAGUNMA_SAITAMA
,オイカワ釣具,35.89642,139.78278,埼玉県越谷市大沢1丁目3-31,shop0,SAITAMAGUNMA_SAITAMA
,ディスカウント江商,36.09845,139.57806,埼玉県加須市騎西13-7,shop0,SAITAMAGUNMA_SAITAMA
,つり具ダイスケ,35.87888,139.85448,埼玉県吉川市木売新田23,shop0,SAITAMAGUNMA_SAITAMA
,"つり具 マンタツ",36.11408,139.71326,埼玉県久喜市南栗橋1丁目13-2,shop0,SAITAMAGUNMA_SAITAMA
,リバーサイドフライフィッシング,36.14875,139.35857,埼玉県熊谷市広瀬338,shop0,SAITAMAGUNMA_SAITAMA
,釣具の銭屋,36.2272,139.37805,埼玉県熊谷市妻沼1474,shop0,SAITAMAGUNMA_SAITAMA
,ワンダーフィールド熊谷店,36.15749,139.36876,埼玉県熊谷市石原459-4,shop0,SAITAMAGUNMA_SAITAMA
,フィッシュ・オン幸手店,36.08183,139.72092,埼玉県幸手市北1丁目10-35,shop0,SAITAMAGUNMA_SAITAMA
,小山釣具店,36.08183,139.72092,埼玉県幸手市北1丁目10-35,shop0,SAITAMAGUNMA_SAITAMA
,長谷部釣具店,36.13168,139.46538,埼玉県行田市佐間2丁目8-10,shop0,SAITAMAGUNMA_SAITAMA
,ドリームフィッシュ,36.06839,139.51138,埼玉県鴻巣市宮地3丁目1-58,shop0,SAITAMAGUNMA_SAITAMA
,ビーズブーン,35.85178,139.84767,埼玉県三郷市彦成2丁目96-2,shop0,SAITAMAGUNMA_SAITAMA
,鈴木釣具店,35.9787,139.81818,埼玉県春日部市新宿新田338-30,shop0,SAITAMAGUNMA_SAITAMA
,"中古釣具店 アクアマリン",35.96218,139.73389,埼玉県春日部市増富465-1,shop0,SAITAMAGUNMA_SAITAMA
,高橋釣具店,35.97375,139.77779,埼玉県春日部市藤塚1226,shop0,SAITAMAGUNMA_SAITAMA
,高橋釣具店,35.97375,139.77779,埼玉県春日部市藤塚1226,shop0,SAITAMAGUNMA_SAITAMA
,グラスアイインターナショナル,35.80459,139.71803,"埼玉県川口市栄町3丁目3-8 グラスアイビル 101",shop0,SAITAMAGUNMA_SAITAMA
,"(株)誠屋釣具店 分店",35.86602,139.75952,埼玉県川口市戸塚鋏町16-15,shop0,SAITAMAGUNMA_SAITAMA
,伊田釣具店,35.8333,139.72154,埼玉県川口市上青木5丁目12-26,shop0,SAITAMAGUNMA_SAITAMA
,飯田釣具店,35.82458,139.71294,埼玉県川口市上青木西1丁目19,shop0,SAITAMAGUNMA_SAITAMA
,(有)アルファフィッシング,35.8226,139.73941,埼玉県川口市南鳩ヶ谷1丁目6-10,shop0,SAITAMAGUNMA_SAITAMA
,かまや釣具店,35.82717,139.80655,埼玉県草加市高砂2丁目21-4,shop0,SAITAMAGUNMA_SAITAMA
,"FLYSHOP ROCKS",35.83197,139.80534,"埼玉県草加市住吉1丁目11-62 トミナガビル101",shop0,SAITAMAGUNMA_SAITAMA
,"工房浦安(久留 隼人)",35.81719,139.79611,埼玉県草加市谷塚町1303-13,shop0,SAITAMAGUNMA_SAITAMA
,"釣具のジャイアント 草加店",35.83537,139.78481,埼玉県草加市苗塚町375-3,shop0,SAITAMAGUNMA_SAITAMA
,塚越オトリ店,36.11537,139.18269,埼玉県大里郡寄居町藤田172,shop0,SAITAMAGUNMA_GUNMA
,フライショップパレット,36.07734,139.10236,埼玉県秩父郡皆野町皆野2346-3,shop0,SAITAMAGUNMA_GUNMA
,城峰つり具店,36.00809,139.08501,埼玉県秩父市永田町9-21,shop0,SAITAMAGUNMA_GUNMA
,プロショップ白石,36.04344,139.32089,埼玉県比企郡嵐山町平澤118-16,shop0,SAITAMAGUNMA_GUNMA
,三水堂,36.20639,139.14394,埼玉県本庄市児玉町蛭川309-1,shop0,SAITAMAGUNMA_GUNMA
,(株)佐々野釣具店,35.82766,139.68427,埼玉県蕨市中央4丁目1-3,shop0,SAITAMAGUNMA_SAITAMA
,UKCarp,35.81889,139.70161,"埼玉県蕨市塚越5丁目46-20 フクヤマビル 103",shop0,SAITAMAGUNMA_SAITAMA
,マニアックス,35.78978,139.75999,東京都足立区加賀1丁目19-6,shop0,SAITAMAGUNMA_SAITAMA
,フィッシングフールグランパ,35.78548,139.84125,東京都足立区大谷田5丁目22-11,shop0,SAITAMAGUNMA_SAITAMA
,"日の丸釣具 保木間店",35.79314,139.81056,"東京都足立区東保木間2丁目3-5 政和",shop0,SAITAMAGUNMA_SAITAMA
,六木釣具,35.79564,139.84415,東京都足立区六木3丁目9-6,shop0,SAITAMAGUNMA_SAITAMA
