parent,name,lat,lng,registration
清水池公園,クチボソ,35.624129,139.692281,TOKYO_HARUMI
清水池公園,クチボソ,35.623911,139.692307,TOKYO_HARUMI
清水池公園,クチボソ,35.623893,139.692565,TOKYO_HARUMI
清水池公園,クチボソ,35.624138,139.692586,TOKYO_HARUMI
清水池公園,ヘラブナ,35.624024,139.692602,TOKYO_HARUMI
清水池公園,ヘラブナ,35.623819,139.692409,TOKYO_HARUMI
清水池公園,ヘラブナ,35.624016,139.692291,TOKYO_HARUMI
浮間公園周辺,ヘラブナ,35.793197,139.692484,TOKYO_HARUMI
浮間公園周辺,ヘラブナ,35.79341049,139.6928599,TOKYO_HARUMI
浮間公園周辺,ヘラブナ,35.793789,139.692978,TOKYO_HARUMI
浮間公園周辺,クチボソ,35.793611,139.692962,TOKYO_HARUMI
浮間公園周辺,クチボソ,35.793293,139.692683,TOKYO_HARUMI
お台場周辺,ハゼ,35.608438955349,139.79234416578,TOKYO_HARUMI
お台場周辺,ハゼ,35.606946268609,139.79121378731,TOKYO_HARUMI
お台場周辺,ハゼ,35.607902377641,139.79232140649,TOKYO_HARUMI
お台場周辺,メバル,35.608210748322,139.79213174567,TOKYO_HARUMI
お台場周辺,メバル,35.607259786862,139.79127447877,TOKYO_HARUMI
お台場周辺,アイナメ,35.607365911231,139.79194208485,TOKYO_HARUMI
お台場周辺,アナゴ,35.607643374324,139.79259451806,TOKYO_HARUMI
お台場周辺,シロギス,35.608291050891,139.79286004321,TOKYO_HARUMI
お台場周辺,シロギス,35.607377967412,139.79248072157,TOKYO_HARUMI
お台場周辺,アナゴ,35.607630768674,139.79210898637,TOKYO_HARUMI
お台場周辺,シロギス,35.607044916564,139.79207864064,TOKYO_HARUMI
お台場周辺,スズキ,35.606798026687,139.79164621397,TOKYO_HARUMI
お台場周辺,サヨリ,35.608124447613,139.79250348087,TOKYO_HARUMI
お台場周辺,サヨリ,35.607131458226,139.79163104111,TOKYO_HARUMI
お台場周辺,シロギス,35.608576960108,139.79284465313,TOKYO_HARUMI
お台場周辺,スズキ,35.607100538368,139.79252624017,TOKYO_HARUMI
お台場周辺,アナゴ,35.607957764059,139.79277659245,TOKYO_HARUMI
お台場周辺,ハゼ,35.628404,139.771466,TOKYO_HARUMI
お台場周辺,ハゼ,35.628188,139.771049,TOKYO_HARUMI
お台場周辺,ハゼ,35.627855,139.770768,TOKYO_HARUMI
お台場周辺,ハゼ,35.627534,139.770237,TOKYO_HARUMI
お台場周辺,ハゼ,35.627182,139.769744,TOKYO_HARUMI
お台場周辺,メバル,35.627447,139.769866,TOKYO_HARUMI
お台場周辺,メバル,35.627805,139.770419,TOKYO_HARUMI
お台場周辺,メバル,35.628435,139.770981,TOKYO_HARUMI
お台場周辺,カレイ,35.628126,139.7707,TOKYO_HARUMI
お台場周辺,カレイ,35.62775,139.770017,TOKYO_HARUMI
お台場周辺,スズキ,35.628095,139.770177,TOKYO_HARUMI
お台場周辺,ボラ,35.627669,139.769608,TOKYO_HARUMI
お台場周辺,ボラ,35.628361,139.770526,TOKYO_HARUMI
お台場周辺,ハゼ,35.62514,139.767313,TOKYO_HARUMI
お台場周辺,ハゼ,35.621526,139.767662,TOKYO_HARUMI
お台場周辺,ハゼ,35.623526,139.767373,TOKYO_HARUMI
お台場周辺,メバル,35.622514,139.767373,TOKYO_HARUMI
お台場周辺,アイナメ,35.625587,139.767207,TOKYO_HARUMI
お台場周辺,アイナメ,35.62439,139.767328,TOKYO_HARUMI
お台場周辺,セイゴ,35.623044,139.766933,TOKYO_HARUMI
お台場周辺,フッコ,35.623945,139.766888,TOKYO_HARUMI
お台場周辺,メバル,35.624809,139.766903,TOKYO_HARUMI
お台場周辺,アイナメ,35.621906,139.767115,TOKYO_HARUMI
お台場周辺,セイゴ,35.620971,139.768223,TOKYO_HARUMI
お台場周辺,ハゼ,35.620526,139.768648,TOKYO_HARUMI
お台場周辺,メバル,35.62049,139.768026,TOKYO_HARUMI
お台場周辺,アナゴ,35.623489,139.766554,TOKYO_HARUMI
お台場周辺,アナゴ,35.62523,139.766493,TOKYO_HARUMI
お台場周辺,カレイ,35.62439,139.766463,TOKYO_HARUMI
お台場周辺,カレイ,35.622415,139.766569,TOKYO_HARUMI
お台場周辺,カレイ,35.62014409,139.7673734,TOKYO_HARUMI
お台場周辺,シロギス,35.621515,139.7666,TOKYO_HARUMI
お台場周辺,シロギス,35.623021,139.765978,TOKYO_HARUMI
お台場周辺,シロギス,35.624872,139.765932,TOKYO_HARUMI
お台場周辺,スズキ,35.623934,139.76578,TOKYO_HARUMI
お台場周辺,スズキ,35.620859,139.767222,TOKYO_HARUMI
お台場周辺,クロダイ,35.61564291896,139.77532021073,TOKYO_HARUMI
お台場周辺,ハゼ,35.614828767544,139.77585126103,TOKYO_HARUMI
お台場周辺,ハゼ,35.615100082339,139.77557814945,TOKYO_HARUMI
お台場周辺,アイナメ,35.615213,139.774793,TOKYO_HARUMI
お台場周辺,アナゴ,35.614842,139.774869,TOKYO_HARUMI
お台場周辺,セイゴ,35.614583,139.775339,TOKYO_HARUMI
お台場周辺,カレイ,35.614188,139.775187,TOKYO_HARUMI
お台場周辺,メバル,35.614279673048,139.77648093494,TOKYO_HARUMI
お台場周辺,メバル,35.615026023913,139.77588919319,TOKYO_HARUMI
お台場周辺,シロギス,35.614472,139.774672,TOKYO_HARUMI
お台場周辺,シロギス,35.614929,139.774171,TOKYO_HARUMI
お台場周辺,スズキ,35.614003,139.774565,TOKYO_HARUMI
葛西臨海公園,テナガエビ,35.65424426134,139.85577464104,TOKYO_HARUMI
葛西臨海公園,テナガエビ,35.654289580779,139.86025411838,TOKYO_HARUMI
葛西臨海公園,テナガエビ,35.65391983893,139.86601980726,TOKYO_HARUMI
葛西臨海公園,ハゼ,35.654174879738,139.85962092876,TOKYO_HARUMI
葛西臨海公園,ハゼ,35.654190791403,139.86113414458,TOKYO_HARUMI
葛西臨海公園,ハゼ,35.653968974184,139.86186244212,TOKYO_HARUMI
葛西臨海公園,セイゴ,35.63804,139.867461,TOKYO_HARUMI
葛西臨海公園,セイゴ,35.637991,139.862181,TOKYO_HARUMI
葛西臨海公園,セイゴ,35.639876313643,139.85470175743,TOKYO_HARUMI
葛西臨海公園,スズキ,35.637504141043,139.85933661461,TOKYO_HARUMI
葛西臨海公園,スズキ,35.639178683779,139.85605359077,TOKYO_HARUMI
葛西臨海公園,スズキ,35.640542403566,139.85035382367,TOKYO_HARUMI
葛西臨海公園,フッコ,35.6438,139.848211,TOKYO_HARUMI
葛西臨海公園,スズキ,35.645726,139.84834,TOKYO_HARUMI
葛西臨海公園,フッコ,35.641636,139.849327,TOKYO_HARUMI
葛西臨海公園,イシモチ,35.644917,139.847181,TOKYO_HARUMI
葛西臨海公園,イシモチ,35.640399270756,139.85369324684,TOKYO_HARUMI
葛西臨海公園,イシモチ,35.637905,139.863789,TOKYO_HARUMI
葛西臨海公園,ハゼ,35.638236733973,139.86635327339,TOKYO_HARUMI
葛西臨海公園,カレイ,35.642653,139.847524,TOKYO_HARUMI
葛西臨海公園,カレイ,35.637958501883,139.86532330513,TOKYO_HARUMI
葛西臨海公園,アナゴ,35.641323,139.847524,TOKYO_HARUMI
隅田川周辺,ハゼ,35.662034,139.777054,TOKYO_HARUMI
隅田川周辺,ハゼ,35.661244,139.777843,TOKYO_HARUMI
隅田川周辺,ハゼ,35.661059,139.778237,TOKYO_HARUMI
隅田川周辺,ハゼ,35.660529,139.778844,TOKYO_HARUMI
隅田川周辺,ハゼ,35.65843,139.772497,TOKYO_HARUMI
隅田川周辺,ハゼ,35.657163,139.773883,TOKYO_HARUMI
隅田川周辺,ハゼ,35.657989,139.772927,TOKYO_HARUMI
隅田川周辺,ハゼ,35.657594,139.773397,TOKYO_HARUMI
隅田川周辺,ハゼ,35.65485447,139.776274,TOKYO_HARUMI
隅田川周辺,ハゼ,35.656932,139.779557,TOKYO_HARUMI
隅田川周辺,ハゼ,35.6552915,139.7771752,TOKYO_HARUMI
隅田川周辺,ハゼ,35.656338,139.77872,TOKYO_HARUMI
隅田川周辺,ハゼ,35.655832,139.777905,TOKYO_HARUMI
隅田川周辺,ハゼ,35.657594,139.780716,TOKYO_HARUMI
隅田川周辺,ハゼ,35.657908,139.781145,TOKYO_HARUMI
隅田川周辺,ハゼ,35.65817,139.781553,TOKYO_HARUMI
隅田川周辺,ハゼ,35.658501,139.781982,TOKYO_HARUMI
隅田川周辺,セイゴ,35.661736,139.777342,TOKYO_HARUMI
隅田川周辺,フッコ,35.66149,139.777676,TOKYO_HARUMI
隅田川周辺,ハゼ,35.660812,139.77848,TOKYO_HARUMI
隅田川周辺,ハゼ,35.671538,139.786704,TOKYO_HARUMI
隅田川周辺,ハゼ,35.66732,139.787811,TOKYO_HARUMI
隅田川周辺,ハゼ,35.670181,139.787132,TOKYO_HARUMI
隅田川周辺,ハゼ,35.668698,139.78741,TOKYO_HARUMI
隅田川周辺,ボラ,35.668122,139.787933,TOKYO_HARUMI
隅田川周辺,セイゴ,35.669306,139.787584,TOKYO_HARUMI
隅田川周辺,セイゴ,35.6707,139.78722,TOKYO_HARUMI
隅田川周辺,フッコ,35.671169,139.786931,TOKYO_HARUMI
隅田川周辺,フッコ,35.669799,139.787386,TOKYO_HARUMI
隅田川周辺,スズキ,35.67045108,139.7876292,TOKYO_HARUMI
隅田川周辺,スズキ,35.668775,139.787993,TOKYO_HARUMI
隅田川周辺,ボラ,35.671563,139.787265,TOKYO_HARUMI
隅田川周辺,ボラ,35.667702,139.78816,TOKYO_HARUMI
隅田川周辺,ハゼ,35.66843,139.782793,TOKYO_HARUMI
隅田川周辺,ハゼ,35.668307,139.783028,TOKYO_HARUMI
隅田川周辺,ハゼ,35.669082,139.782223,TOKYO_HARUMI
隅田川周辺,ハゼ,35.670765,139.783897,TOKYO_HARUMI
隅田川周辺,ハゼ,35.670024,139.782792,TOKYO_HARUMI
隅田川周辺,セイゴ,35.669623,139.782363,TOKYO_HARUMI
隅田川周辺,セイゴ,35.670512,139.783242,TOKYO_HARUMI
隅田川周辺,フッコ,35.669396,139.781976,TOKYO_HARUMI
隅田川周辺,フッコ,35.670434,139.782738,TOKYO_HARUMI
隅田川周辺,ボラ,35.670914,139.783435,TOKYO_HARUMI
隅田川周辺,ボラ,35.670059,139.782245,TOKYO_HARUMI
隅田川周辺,セイゴ,35.659579,139.772441,TOKYO_HARUMI
隅田川周辺,セイゴ,35.661245,139.774945,TOKYO_HARUMI
隅田川周辺,フッコ,35.661862,139.77584,TOKYO_HARUMI
隅田川周辺,フッコ,35.66081122,139.7738371,TOKYO_HARUMI
隅田川周辺,フッコ,35.65999793,139.7726232,TOKYO_HARUMI
隅田川周辺,ハゼ,35.660392,139.773807,TOKYO_HARUMI
隅田川周辺,ハゼ,35.660837,139.774459,TOKYO_HARUMI
隅田川周辺,セイゴ,35.660035,139.77323,TOKYO_HARUMI
隅田川周辺,スズキ,35.660528,139.773169,TOKYO_HARUMI
隅田川周辺,スズキ,35.661293,139.774262,TOKYO_HARUMI
隅田川周辺,スズキ,35.66227845,139.7757488,TOKYO_HARUMI
隅田川周辺,セイゴ,35.662205,139.776371,TOKYO_HARUMI
隅田川周辺,ボラ,35.662624,139.776341,TOKYO_HARUMI
隅田川周辺,ボラ,35.661612,139.774702,TOKYO_HARUMI
隅田川周辺,ボラ,35.659518,139.771849,TOKYO_HARUMI
隅田川周辺,ハゼ,35.670717,139.78824,TOKYO_HARUMI
隅田川周辺,ハゼ,35.671599,139.7881,TOKYO_HARUMI
隅田川周辺,ハゼ,35.669711,139.788479,TOKYO_HARUMI
隅田川周辺,ボラ,35.669058,139.788373,TOKYO_HARUMI
隅田川周辺,ボラ,35.672043,139.787644,TOKYO_HARUMI
隅田川周辺,セイゴ,35.671167,139.787826,TOKYO_HARUMI
隅田川周辺,フッコ,35.670143,139.788054,TOKYO_HARUMI
隅田川周辺,スズキ,35.673179,139.788033,TOKYO_HARUMI
隅田川周辺,スズキ,35.674155,139.787475,TOKYO_HARUMI
隅田川周辺,ハゼ,35.673754,139.78814,TOKYO_HARUMI
隅田川周辺,ハゼ,35.674644,139.787968,TOKYO_HARUMI
隅田川周辺,ハゼ,35.675656,139.787968,TOKYO_HARUMI
隅田川周辺,セイゴ,35.675201,139.787625,TOKYO_HARUMI
隅田川周辺,ボラ,35.674778,139.78725,TOKYO_HARUMI
隅田川周辺,スズキ,35.675715,139.786969,TOKYO_HARUMI
隅田川周辺,スズキ,35.67196645,139.7849057,TOKYO_HARUMI
隅田川周辺,ハゼ,35.674555,139.786514,TOKYO_HARUMI
隅田川周辺,ハゼ,35.673396,139.785543,TOKYO_HARUMI
隅田川周辺,セイゴ,35.673839,139.786332,TOKYO_HARUMI
隅田川周辺,セイゴ,35.672729,139.7853,TOKYO_HARUMI
隅田川周辺,スズキ,35.672004,139.781939,TOKYO_HARUMI
隅田川周辺,フッコ,35.671819,139.782486,TOKYO_HARUMI
隅田川周辺,ハゼ,35.671177,139.781727,TOKYO_HARUMI
隅田川周辺,ハゼ,35.67022917,139.7814994,TOKYO_HARUMI
隅田川周辺,ハゼ,35.669339,139.781059,TOKYO_HARUMI
隅田川周辺,ハゼ,35.67156058,139.7831229,TOKYO_HARUMI
隅田川周辺,ハゼ,35.672363,139.784443,TOKYO_HARUMI
隅田川周辺,セイゴ,35.671574,139.781955,TOKYO_HARUMI
隅田川周辺,セイゴ,35.670673,139.781788,TOKYO_HARUMI
隅田川周辺,セイゴ,35.669773,139.781423,TOKYO_HARUMI
隅田川周辺,スズキ,35.671166,139.782395,TOKYO_HARUMI
隅田川周辺,スズキ,35.66886,139.781378,TOKYO_HARUMI
隅田川周辺,セイゴ,35.667715,139.780377,TOKYO_HARUMI
隅田川周辺,セイゴ,35.66447,139.777554,TOKYO_HARUMI
隅田川周辺,ハゼ,35.666494,139.779679,TOKYO_HARUMI
隅田川周辺,ハゼ,35.665618,139.778677,TOKYO_HARUMI
隅田川周辺,ハゼ,35.66386892,139.776204,TOKYO_HARUMI
隅田川周辺,ハゼ,35.6672,139.780073,TOKYO_HARUMI
隅田川周辺,ハゼ,35.664992,139.77801,TOKYO_HARUMI
隅田川周辺,セイゴ,35.666064,139.779239,TOKYO_HARUMI
隅田川周辺,スズキ,35.666631,139.780392,TOKYO_HARUMI
隅田川周辺,スズキ,35.66515153,139.7790869,TOKYO_HARUMI
隅田川周辺,フッコ,35.663732,139.777221,TOKYO_HARUMI
隅田川周辺,フッコ,35.66578,139.779542,TOKYO_HARUMI
隅田川周辺,ボラ,35.663301,139.776052,TOKYO_HARUMI
隅田川周辺,ボラ,35.664633,139.778465,TOKYO_HARUMI
隅田川周辺,ボラ,35.667273,139.780771,TOKYO_HARUMI
塩の道周辺,ハゼ,35.685249,139.820611,TOKYO_HARUMI
塩の道周辺,ハゼ,35.685502,139.820579,TOKYO_HARUMI
塩の道周辺,ハゼ,35.685049,139.820321,TOKYO_HARUMI
塩の道周辺,ハゼ,35.685022,139.819763,TOKYO_HARUMI
塩の道周辺,ハゼ,35.684988,139.819034,TOKYO_HARUMI
塩の道周辺,ハゼ,35.684752,139.820665,TOKYO_HARUMI
塩の道周辺,ハゼ,35.684883,139.820375,TOKYO_HARUMI
塩の道周辺,ハゼ,35.684857,139.819656,TOKYO_HARUMI
塩の道周辺,ハゼ,35.684804,139.819002,TOKYO_HARUMI
塩の道周辺,ハゼ,35.685075,139.820933,TOKYO_HARUMI
塩の道周辺,ハゼ,35.685118,139.821222,TOKYO_HARUMI
塩の道周辺,ハゼ,35.676036,139.809554,TOKYO_HARUMI
塩の道周辺,ハゼ,35.67585,139.804168,TOKYO_HARUMI
塩の道周辺,ハゼ,35.675961,139.80661,TOKYO_HARUMI
塩の道周辺,ハゼ,35.675974,139.807384,TOKYO_HARUMI
塩の道周辺,ハゼ,35.676035,139.808568,TOKYO_HARUMI
塩の道周辺,ハゼ,35.6759,139.805381,TOKYO_HARUMI
塩の道周辺,ハゼ,35.675053,139.803552,TOKYO_HARUMI
塩の道周辺,ハゼ,35.67444987,139.8033375,TOKYO_HARUMI
塩の道周辺,ハゼ,35.67315987,139.8029834,TOKYO_HARUMI
塩の道周辺,ハゼ,35.673814,139.803155,TOKYO_HARUMI
辰巳運河周辺,ハゼ,35.665412,139.820335,TOKYO_HARUMI
辰巳運河周辺,ハゼ,35.665133,139.820463,TOKYO_HARUMI
辰巳運河周辺,ハゼ,35.665774,139.820431,TOKYO_HARUMI
辰巳運河周辺,ハゼ,35.66577,139.819745,TOKYO_HARUMI
辰巳運河周辺,ハゼ,35.665687,139.818387,TOKYO_HARUMI
辰巳運河周辺,ハゼ,35.665586,139.816891,TOKYO_HARUMI
辰巳運河周辺,セイゴ,35.6656381,139.8188594,TOKYO_HARUMI
辰巳運河周辺,セイゴ,35.6655422,139.8173949,TOKYO_HARUMI
辰巳運河周辺,セイゴ,35.665623,139.820044,TOKYO_HARUMI
辰巳運河周辺,ボラ,35.665723,139.820205,TOKYO_HARUMI
辰巳運河周辺,フッコ,35.665597,139.820419,TOKYO_HARUMI
辰巳運河周辺,フッコ,35.665564,139.817974,TOKYO_HARUMI
辰巳運河周辺,ボラ,35.66566428,139.8193744,TOKYO_HARUMI
辰巳運河周辺,フッコ,35.665481,139.816362,TOKYO_HARUMI
辰巳運河周辺,ハゼ,35.665507,139.815751,TOKYO_HARUMI
辰巳運河周辺,セイゴ,35.665394,139.815118,TOKYO_HARUMI
辰巳運河周辺,ハゼ,35.665446,139.814388,TOKYO_HARUMI
芝浦周辺,スズキ,35.636973024337,139.76099073887,TOKYO_HARUMI
芝浦周辺,スズキ,35.636293,139.760647,TOKYO_HARUMI
芝浦周辺,クロダイ,35.63662418,139.7604543,TOKYO_HARUMI
芝浦周辺,クロダイ,35.636782,139.759253,TOKYO_HARUMI
芝浦周辺,イワシ,35.63683348,139.760626,TOKYO_HARUMI
芝浦周辺,イワシ,35.636564,139.758995,TOKYO_HARUMI
芝浦周辺,サッパ,35.636337,139.758813,TOKYO_HARUMI
芝浦周辺,ハゼ,35.636658913066,139.75988566875,TOKYO_HARUMI
芝浦周辺,カレイ,35.636424,139.761173,TOKYO_HARUMI
芝浦周辺,ハゼ,35.648427,139.756686,TOKYO_HARUMI
芝浦周辺,ハゼ,35.648968,139.757378,TOKYO_HARUMI
芝浦周辺,ハゼ,35.64874828,139.7572491,TOKYO_HARUMI
芝浦周辺,セイゴ,35.648318,139.756884,TOKYO_HARUMI
芝浦周辺,フッコ,35.6485,139.757131,TOKYO_HARUMI
芝浦周辺,ボラ,35.64809,139.756911,TOKYO_HARUMI
芝浦周辺,ボラ,35.648308,139.757126,TOKYO_HARUMI
芝浦周辺,ハゼ,35.648242,139.75667,TOKYO_HARUMI
芝浦周辺,スズキ,35.646725,139.756064,TOKYO_HARUMI
芝浦周辺,ハゼ,35.646555,139.756085,TOKYO_HARUMI
芝浦周辺,ハゼ,35.646285,139.756031,TOKYO_HARUMI
芝浦周辺,フッコ,35.646027,139.755865,TOKYO_HARUMI
芝浦周辺,ボラ,35.646708,139.75631,TOKYO_HARUMI
芝浦周辺,ハゼ,35.636484,139.75097,TOKYO_HARUMI
芝浦周辺,ハゼ,35.637409,139.751496,TOKYO_HARUMI
芝浦周辺,ハゼ,35.63901255,139.7523523,TOKYO_HARUMI
芝浦周辺,ハゼ,35.640367,139.75303,TOKYO_HARUMI
芝浦周辺,ハゼ,35.641371,139.753609,TOKYO_HARUMI
芝浦周辺,セイゴ,35.636929,139.751305,TOKYO_HARUMI
芝浦周辺,セイゴ,35.638361,139.752049,TOKYO_HARUMI
芝浦周辺,フッコ,35.63971605,139.7527316,TOKYO_HARUMI
芝浦周辺,フッコ,35.637879,139.751836,TOKYO_HARUMI
芝浦周辺,ハゼ,35.636606923794,139.75024044514,TOKYO_HARUMI
芝浦周辺,スズキ,35.63613583,139.7509271,TOKYO_HARUMI
芝浦周辺,セイゴ,35.63626695,139.7504228,TOKYO_HARUMI
芝浦周辺,ボラ,35.635918,139.750659,TOKYO_HARUMI
芝浦周辺,ハゼ,35.641943441403,139.75307017565,TOKYO_HARUMI
芝浦周辺,ハゼ,35.641934544423,139.75249350071,TOKYO_HARUMI
芝浦周辺,ハゼ,35.641934571797,139.75144207478,TOKYO_HARUMI
芝浦周辺,ハゼ,35.641925811684,139.75182831287,TOKYO_HARUMI
芝浦周辺,セイゴ,35.641813,139.751666,TOKYO_HARUMI
芝浦周辺,セイゴ,35.641869257584,139.75277513266,TOKYO_HARUMI
芝浦周辺,セイゴ,35.641677,139.753547,TOKYO_HARUMI
芝浦周辺,フッコ,35.641808118078,139.75309163332,TOKYO_HARUMI
芝浦周辺,フッコ,35.641803553242,139.75129187107,TOKYO_HARUMI
芝浦周辺,スズキ,35.641868,139.752091,TOKYO_HARUMI
芝浦周辺,スズキ,35.641843,139.753449,TOKYO_HARUMI
芝浦周辺,セイゴ,35.6373829,139.7495189,TOKYO_HARUMI
芝浦周辺,ハゼ,35.638657,139.749481,TOKYO_HARUMI
芝浦周辺,ハゼ,35.638199,139.749476,TOKYO_HARUMI
芝浦周辺,ハゼ,35.637723,139.749487,TOKYO_HARUMI
芝浦周辺,ハゼ,35.637095,139.749511,TOKYO_HARUMI
芝浦周辺,ハゼ,35.636807,139.749286,TOKYO_HARUMI
芝浦周辺,フッコ,35.638456,139.749514,TOKYO_HARUMI
芝浦周辺,ハゼ,35.637967,139.749438,TOKYO_HARUMI
芝浦周辺,ボラ,35.636934,139.749514,TOKYO_HARUMI
芝浦周辺,スズキ,35.636598,139.749487,TOKYO_HARUMI
芝浦周辺,ボラ,35.636685,139.749256,TOKYO_HARUMI
芝浦周辺,スズキ,35.63378151,139.7472471,TOKYO_HARUMI
芝浦周辺,スズキ,35.632987,139.746813,TOKYO_HARUMI
芝浦周辺,ハゼ,35.634672,139.747515,TOKYO_HARUMI
芝浦周辺,ハゼ,35.634288,139.747708,TOKYO_HARUMI
芝浦周辺,ハゼ,35.633546,139.746882,TOKYO_HARUMI
芝浦周辺,ハゼ,35.632429,139.746743,TOKYO_HARUMI
芝浦周辺,ハゼ,35.63200911,139.7461504,TOKYO_HARUMI
芝浦周辺,セイゴ,35.634113,139.747376,TOKYO_HARUMI
芝浦周辺,セイゴ,35.633275,139.747,TOKYO_HARUMI
芝浦周辺,セイゴ,35.63223731,139.7464311,TOKYO_HARUMI
芝浦周辺,フッコ,35.632736,139.746678,TOKYO_HARUMI
芝浦周辺,ハゼ,35.631417,139.746075,TOKYO_HARUMI
芝浦周辺,ハゼ,35.63069,139.746329,TOKYO_HARUMI
芝浦周辺,ハゼ,35.629949,139.746253,TOKYO_HARUMI
芝浦周辺,テナガエビ,35.629245,139.745889,TOKYO_HARUMI
芝浦周辺,スズキ,35.629492,139.746056,TOKYO_HARUMI
芝浦周辺,セイゴ,35.630319,139.746116,TOKYO_HARUMI
芝浦周辺,ハゼ,35.631008,139.746035,TOKYO_HARUMI
若洲海浜公園,ハゼ,35.61251,139.834862,TOKYO_HARUMI
若洲海浜公園,カサゴ,35.613365248499,139.83447253704,TOKYO_HARUMI
若洲海浜公園,メバル,35.613775599053,139.83417212963,TOKYO_HARUMI
若洲海浜公園,カサゴ,35.614473309329,139.83354985714,TOKYO_HARUMI
若洲海浜公園,メバル,35.614105937025,139.83385026455,TOKYO_HARUMI
若洲海浜公園,クロダイ,35.612868295327,139.83418285847,TOKYO_HARUMI
若洲海浜公園,クロダイ,35.61377535887,139.83336746693,TOKYO_HARUMI
若洲海浜公園,ソイ,35.613915478956,139.83223742231,TOKYO_HARUMI
若洲海浜公園,ソイ,35.613453081185,139.8339548707,TOKYO_HARUMI
若洲海浜公園,アイナメ,35.614211364929,139.83295977116,TOKYO_HARUMI
若洲海浜公園,スズキ,35.612362701562,139.83412921429,TOKYO_HARUMI
若洲海浜公園,スズキ,35.613497,139.832753,TOKYO_HARUMI
若洲海浜公園,サヨリ,35.613121578445,139.8335069418,TOKYO_HARUMI
若洲海浜公園,アイナメ,35.616395294506,139.83184672102,TOKYO_HARUMI
若洲海浜公園,カサゴ,35.616870187891,139.8317025788,TOKYO_HARUMI
若洲海浜公園,ソイ,35.617382041671,139.83127773856,TOKYO_HARUMI
若洲海浜公園,アイナメ,35.61262,139.828262,TOKYO_HARUMI
若洲海浜公園,サッパ,35.61321218,139.8289753,TOKYO_HARUMI
若洲海浜公園,サッパ,35.613842,139.829658,TOKYO_HARUMI
若洲海浜公園,カサゴ,35.614434,139.830144,TOKYO_HARUMI
若洲海浜公園,ソイ,35.61573,139.831494,TOKYO_HARUMI
若洲海浜公園,ハゼ,35.615125,139.830902,TOKYO_HARUMI
若洲海浜公園,イワシ,35.613077,139.828365,TOKYO_HARUMI
若洲海浜公園,イワシ,35.614324,139.829571,TOKYO_HARUMI
若洲海浜公園,メバル,35.613669,139.829063,TOKYO_HARUMI
若洲海浜公園,クロダイ,35.61475,139.830587,TOKYO_HARUMI
若洲海浜公園,アイナメ,35.61496,139.83017,TOKYO_HARUMI
若洲海浜公園,ソイ,35.614107,139.829977,TOKYO_HARUMI
若洲海浜公園,コノシロ,35.615529,139.830975,TOKYO_HARUMI
若洲海浜公園,コノシロ,35.616071,139.831522,TOKYO_HARUMI
若洲海浜公園,コノシロ,35.613462,139.828593,TOKYO_HARUMI
若洲海浜公園,サヨリ,35.614055,139.829215,TOKYO_HARUMI
若洲海浜公園,サヨリ,35.615374,139.830406,TOKYO_HARUMI
若洲海浜公園,イシモチ,35.614718,139.829677,TOKYO_HARUMI
若洲海浜公園,アナゴ,35.614526,139.828979,TOKYO_HARUMI
若洲海浜公園,アナゴ,35.615346,139.829752,TOKYO_HARUMI
若洲海浜公園,シロギス,35.616518145313,139.83075048149,TOKYO_HARUMI
若洲海浜公園,シロギス,35.614072,139.828432,TOKYO_HARUMI
若洲海浜公園,イシモチ,35.61354869,139.8278528,TOKYO_HARUMI
若洲海浜公園,カレイ,35.612999,139.827322,TOKYO_HARUMI
若洲海浜公園,カレイ,35.615111,139.829017,TOKYO_HARUMI
若洲海浜公園,スズキ,35.615987839047,139.83031046839,TOKYO_HARUMI
昭和島,セイゴ,35.567931,139.748517,TOKYO_HARUMI
昭和島,セイゴ,35.569073,139.747008,TOKYO_HARUMI
昭和島,セイゴ,35.56848,139.747766,TOKYO_HARUMI
昭和島,セイゴ,35.57079366,139.7446938,TOKYO_HARUMI
昭和島,セイゴ,35.570196,139.745528,TOKYO_HARUMI
昭和島,フッコ,35.57069512,139.7450807,TOKYO_HARUMI
昭和島,フッコ,35.569881,139.746037,TOKYO_HARUMI
昭和島,フッコ,35.568208,139.748472,TOKYO_HARUMI
昭和島,メバル,35.56814638,139.748176,TOKYO_HARUMI
昭和島,メバル,35.56883773,139.7472504,TOKYO_HARUMI
昭和島,ハゼ,35.568363,139.748093,TOKYO_HARUMI
昭和島,ハゼ,35.568702,139.747577,TOKYO_HARUMI
昭和島,スズキ,35.569388,139.746772,TOKYO_HARUMI
昭和島,ハゼ,35.569998,139.745741,TOKYO_HARUMI
昭和島,ハゼ,35.570424,139.745194,TOKYO_HARUMI
昭和島,ハゼ,35.56967,139.746196,TOKYO_HARUMI
昭和島,ボラ,35.569079,139.74744,TOKYO_HARUMI
昭和島,ボラ,35.568704,139.747977,TOKYO_HARUMI
城南島海浜公園,カレイ,35.581783276138,139.78821714638,TOKYO_HARUMI
城南島海浜公園,ハゼ,35.582658924159,139.78542029858,TOKYO_HARUMI
城南島海浜公園,ハゼ,35.582352180772,139.78487312794,TOKYO_HARUMI
城南島海浜公園,クロダイ,35.582779809221,139.78483021259,TOKYO_HARUMI
城南島海浜公園,イワシ,35.58201206035,139.78546321392,TOKYO_HARUMI
城南島海浜公園,サッパ,35.581689205984,139.78588163853,TOKYO_HARUMI
城南島海浜公園,フッコ,35.581261896796,139.78756606579,TOKYO_HARUMI
城南島海浜公園,スズキ,35.582991,139.786166,TOKYO_HARUMI
城南島海浜公園,シロギス,35.582603299025,139.78684020884,TOKYO_HARUMI
城南島海浜公園,タチウオ,35.582220995738,139.78750781492,TOKYO_HARUMI
新川,ハゼ,35.676856,139.866906,TOKYO_HARUMI
新川,ハゼ,35.680377,139.862335,TOKYO_HARUMI
新川,ハゼ,35.679113,139.86402,TOKYO_HARUMI
新川,ハゼ,35.677744,139.865683,TOKYO_HARUMI
新川,テナガエビ,35.673509,139.876455,TOKYO_HARUMI
新川,テナガエビ,35.673287,139.877557,TOKYO_HARUMI
新木場周辺,ハゼ,35.649773,139.838936,TOKYO_HARUMI
新木場周辺,ハゼ,35.649301,139.83973,TOKYO_HARUMI
新木場周辺,ハゼ,35.648752,139.840567,TOKYO_HARUMI
新木場周辺,セイゴ,35.648307,139.841253,TOKYO_HARUMI
新木場周辺,セイゴ,35.649031,139.840105,TOKYO_HARUMI
新木場周辺,セイゴ,35.649554,139.839322,TOKYO_HARUMI
新木場周辺,カレイ,35.649642,139.839751,TOKYO_HARUMI
新木場周辺,カレイ,35.648865,139.841167,TOKYO_HARUMI
新木場周辺,ボラ,35.649144,139.840642,TOKYO_HARUMI
新木場周辺,スズキ,35.650069,139.839118,TOKYO_HARUMI
新木場周辺,ハゼ,35.637873,139.841189,TOKYO_HARUMI
新木場周辺,カサゴ,35.636965,139.841146,TOKYO_HARUMI
新木場周辺,ソイ,35.636048,139.84106,TOKYO_HARUMI
新木場周辺,カサゴ,35.635027,139.840942,TOKYO_HARUMI
新木場周辺,メバル,35.633996,139.840904,TOKYO_HARUMI
新木場周辺,クロダイ,35.6374,139.841441,TOKYO_HARUMI
新木場周辺,クロダイ,35.636492,139.841312,TOKYO_HARUMI
新木場周辺,アイナメ,35.63555,139.841226,TOKYO_HARUMI
新木場周辺,クロダイ,35.634488,139.841098,TOKYO_HARUMI
新木場周辺,クロダイ,35.633529,139.84069,TOKYO_HARUMI
新木場周辺,クロダイ,35.633284,139.839295,TOKYO_HARUMI
新木場周辺,メバル,35.633284,139.83996,TOKYO_HARUMI
新木場周辺,ハゼ,35.633127,139.838653,TOKYO_HARUMI
新木場周辺,セイゴ,35.636897,139.842022,TOKYO_HARUMI
新木場周辺,セイゴ,35.633668,139.84155,TOKYO_HARUMI
新木場周辺,フッコ,35.636199,139.841958,TOKYO_HARUMI
新木場周辺,スズキ,35.637665,139.842194,TOKYO_HARUMI
新木場周辺,スズキ,35.635047,139.841958,TOKYO_HARUMI
新木場周辺,スズキ,35.632761,139.839726,TOKYO_HARUMI
新木場周辺,サヨリ,35.634297,139.842001,TOKYO_HARUMI
新木場周辺,サヨリ,35.632953,139.840971,TOKYO_HARUMI
新木場周辺,ボラ,35.635641,139.842258,TOKYO_HARUMI
新木場周辺,ハゼ,35.642490733555,139.82381268876,TOKYO_HARUMI
新木場周辺,ハゼ,35.641732,139.822811,TOKYO_HARUMI
新木場周辺,ハゼ,35.642084,139.822743,TOKYO_HARUMI
新木場周辺,ハゼ,35.642497,139.82316,TOKYO_HARUMI
新木場周辺,セイゴ,35.642479,139.823502,TOKYO_HARUMI
新木場周辺,セイゴ,35.641905,139.822652,TOKYO_HARUMI
新木場周辺,フッコ,35.642651114975,139.8241464918,TOKYO_HARUMI
新木場周辺,メバル,35.642442,139.82288,TOKYO_HARUMI
新木場周辺,メバル,35.642306,139.822713,TOKYO_HARUMI
新木場周辺,フッコ,35.64251,139.822584,TOKYO_HARUMI
新木場周辺,スズキ,35.642158,139.822295,TOKYO_HARUMI
新木場周辺,スズキ,35.642701,139.823206,TOKYO_HARUMI
新木場周辺,ボラ,35.642689,139.822789,TOKYO_HARUMI
新木場周辺,ボラ,35.641769,139.822326,TOKYO_HARUMI
清砂大橋,クロダイ,35.665364,139.843852,TOKYO_HARUMI
清砂大橋,クロダイ,35.66057585,139.8435943,TOKYO_HARUMI
清砂大橋,クロダイ,35.66867968,139.8442304,TOKYO_HARUMI
清砂大橋,スズキ,35.66619892,139.8442126,TOKYO_HARUMI
清砂大橋,スズキ,35.67119728,139.8446147,TOKYO_HARUMI
清砂大橋,スズキ,35.66350634,139.8445952,TOKYO_HARUMI
清砂大橋,クロダイ,35.65610173,139.8431817,TOKYO_HARUMI
清砂大橋,キビレ,35.65665146,139.843856,TOKYO_HARUMI
清砂大橋,ハゼ,35.664252,139.844016,TOKYO_HARUMI
清砂大橋,ハゼ,35.661671,139.843887,TOKYO_HARUMI
清砂大橋,ハゼ,35.659318,139.843758,TOKYO_HARUMI
清砂大橋,スズキ,35.657695,139.844424,TOKYO_HARUMI
清砂大橋,セイゴ,35.658429,139.843909,TOKYO_HARUMI
清砂大橋,セイゴ,35.662704,139.844102,TOKYO_HARUMI
清砂大橋,ウナギ,35.664462,139.84481,TOKYO_HARUMI
清砂大橋,ウナギ,35.660065,139.844617,TOKYO_HARUMI
清砂大橋,ウナギ,35.656616,139.844939,TOKYO_HARUMI
清砂大橋,ボラ,35.658832,139.845046,TOKYO_HARUMI
清砂大橋,ボラ,35.661885,139.84496,TOKYO_HARUMI
清砂大橋,ハゼ,35.667566,139.844638,TOKYO_HARUMI
清砂大橋,ハゼ,35.669852,139.844724,TOKYO_HARUMI
多摩川ガス橋,テナガエビ,35.563216,139.677945,TOKYO_HARUMI
多摩川ガス橋,テナガエビ,35.564365,139.676989,TOKYO_HARUMI
多摩川ガス橋,テナガエビ,35.563958,139.677338,TOKYO_HARUMI
多摩川ガス橋,テナガエビ,35.563636,139.677611,TOKYO_HARUMI
多摩川ガス橋,テナガエビ,35.562845,139.678385,TOKYO_HARUMI
多摩川ガス橋,テナガエビ,35.561314,139.680752,TOKYO_HARUMI
多摩川ガス橋,テナガエビ,35.562067,139.679477,TOKYO_HARUMI
多摩川ガス橋,テナガエビ,35.562463,139.6789,TOKYO_HARUMI
多摩川ガス橋,テナガエビ,35.561697,139.680145,TOKYO_HARUMI
大井周辺,ハゼ,35.600816,139.748696,TOKYO_HARUMI
大井周辺,ハゼ,35.60541624,139.7514874,TOKYO_HARUMI
大井周辺,ハゼ,35.602283,139.749682,TOKYO_HARUMI
大井周辺,ハゼ,35.603727,139.75082,TOKYO_HARUMI
大井周辺,セイゴ,35.603073,139.750183,TOKYO_HARUMI
大井周辺,セイゴ,35.604604,139.751305,TOKYO_HARUMI
大井周辺,セイゴ,35.601616,139.749212,TOKYO_HARUMI
大井周辺,スズキ,35.601308,139.748453,TOKYO_HARUMI
大井周辺,カレイ,35.602789,139.749424,TOKYO_HARUMI
大井周辺,カレイ,35.603629,139.750076,TOKYO_HARUMI
大井周辺,スズキ,35.605061,139.751093,TOKYO_HARUMI
大井周辺,ボラ,35.604295,139.750668,TOKYO_HARUMI
大井周辺,ボラ,35.602122,139.748969,TOKYO_HARUMI
大井周辺,ハゼ,35.5989379,139.7485131,TOKYO_HARUMI
大井周辺,ハゼ,35.59735851,139.7484273,TOKYO_HARUMI
大井周辺,ハゼ,35.595293,139.748315,TOKYO_HARUMI
大井周辺,ハゼ,35.592342,139.748057,TOKYO_HARUMI
大井周辺,ハゼ,35.593879,139.748358,TOKYO_HARUMI
大井周辺,セイゴ,35.594647,139.748079,TOKYO_HARUMI
大井周辺,セイゴ,35.593215,139.748057,TOKYO_HARUMI
大井周辺,ボラ,35.593791,139.747649,TOKYO_HARUMI
大井周辺,カレイ,35.592761,139.747585,TOKYO_HARUMI
大井周辺,アナゴ,35.591364,139.747757,TOKYO_HARUMI
大井周辺,スズキ,35.592028,139.747521,TOKYO_HARUMI
大井周辺,ハゼ,35.589864,139.749902,TOKYO_HARUMI
大井周辺,ハゼ,35.58934,139.749302,TOKYO_HARUMI
大井周辺,ハゼ,35.588414,139.749388,TOKYO_HARUMI
大井周辺,セイゴ,35.590229235213,139.749097706,TOKYO_HARUMI
大井周辺,フッコ,35.588886,139.748958,TOKYO_HARUMI
大井周辺,カレイ,35.589463,139.748465,TOKYO_HARUMI
大井周辺,スズキ,35.587909,139.749044,TOKYO_HARUMI
大井周辺,スズキ,35.585712,139.749945,TOKYO_HARUMI
大井周辺,スズキ,35.58403559,139.7507179,TOKYO_HARUMI
大井周辺,ハゼ,35.585904,139.750546,TOKYO_HARUMI
大井周辺,ハゼ,35.583878,139.751405,TOKYO_HARUMI
大井周辺,ハゼ,35.584943,139.751018,TOKYO_HARUMI
大井周辺,セイゴ,35.58538,139.750589,TOKYO_HARUMI
大井周辺,セイゴ,35.584402,139.751061,TOKYO_HARUMI
大井周辺,ボラ,35.584856,139.750353,TOKYO_HARUMI
大井周辺,ハゼ,35.576977,139.756813,TOKYO_HARUMI
大井周辺,ハゼ,35.577261,139.755281,TOKYO_HARUMI
大井周辺,メバル,35.576964,139.756267,TOKYO_HARUMI
大井周辺,メバル,35.577051,139.755751,TOKYO_HARUMI
大井周辺,セイゴ,35.576768,139.75656,TOKYO_HARUMI
大井周辺,セイゴ,35.576995,139.755347,TOKYO_HARUMI
大井周辺,フッコ,35.576812,139.755948,TOKYO_HARUMI
大井周辺,カレイ,35.576323,139.75657,TOKYO_HARUMI
大井周辺,カレイ,35.57646226,139.7556907,TOKYO_HARUMI
大井周辺,アナゴ,35.576786,139.754843,TOKYO_HARUMI
大井周辺,アナゴ,35.576541,139.756946,TOKYO_HARUMI
大井周辺,シロギス,35.576594,139.756173,TOKYO_HARUMI
大井周辺,シロギス,35.576768,139.755519,TOKYO_HARUMI
大井周辺,ボラ,35.576471,139.755023,TOKYO_HARUMI
大井周辺,ボラ,35.576138,139.756024,TOKYO_HARUMI
辰巳運河周辺,セイゴ,35.65352,139.804725,TOKYO_HARUMI
辰巳運河周辺,メバル,35.653236,139.80427,TOKYO_HARUMI
辰巳運河周辺,メバル,35.654796,139.803398,TOKYO_HARUMI
辰巳運河周辺,メバル,35.654062,139.803458,TOKYO_HARUMI
辰巳運河周辺,メバル,35.655666,139.802556,TOKYO_HARUMI
辰巳運河周辺,セイゴ,35.655036,139.802616,TOKYO_HARUMI
辰巳運河周辺,セイゴ,35.6544,139.803291,TOKYO_HARUMI
辰巳運河周辺,セイゴ,35.65403,139.804111,TOKYO_HARUMI
辰巳運河周辺,フッコ,35.653703,139.804338,TOKYO_HARUMI
辰巳運河周辺,フッコ,35.654752,139.80298,TOKYO_HARUMI
辰巳運河周辺,セイゴ,35.655956,139.80163,TOKYO_HARUMI
辰巳運河周辺,ハゼ,35.656548,139.801069,TOKYO_HARUMI
辰巳運河周辺,ハゼ,35.65556,139.802093,TOKYO_HARUMI
辰巳運河周辺,ハゼ,35.653728,139.803906,TOKYO_HARUMI
辰巳運河周辺,スズキ,35.6544,139.803709,TOKYO_HARUMI
辰巳運河周辺,スズキ,35.656887,139.801023,TOKYO_HARUMI
辰巳運河周辺,ボラ,35.656392,139.801516,TOKYO_HARUMI
辰巳運河周辺,ボラ,35.655332,139.802669,TOKYO_HARUMI
辰巳運河周辺,ボラ,35.653482,139.804202,TOKYO_HARUMI
辰巳運河周辺,ハゼ,35.655979,139.808827,TOKYO_HARUMI
辰巳運河周辺,ハゼ,35.655485,139.808068,TOKYO_HARUMI
辰巳運河周辺,ハゼ,35.654844,139.807901,TOKYO_HARUMI
辰巳運河周辺,ハゼ,35.654326,139.808402,TOKYO_HARUMI
辰巳運河周辺,ハゼ,35.654252,139.810359,TOKYO_HARUMI
辰巳運河周辺,ハゼ,35.654214,139.809449,TOKYO_HARUMI
辰巳運河周辺,セイゴ,35.653955,139.809889,TOKYO_HARUMI
辰巳運河周辺,セイゴ,35.653906,139.808766,TOKYO_HARUMI
辰巳運河周辺,セイゴ,35.655226,139.807597,TOKYO_HARUMI
辰巳運河周辺,セイゴ,35.654412,139.80778,TOKYO_HARUMI
辰巳運河周辺,ボラ,35.65477,139.807203,TOKYO_HARUMI
辰巳運河周辺,ボラ,35.653931,139.808038,TOKYO_HARUMI
辰巳運河周辺,カレイ,35.65434,139.807111,TOKYO_HARUMI
辰巳運河周辺,カレイ,35.654056,139.80746,TOKYO_HARUMI
辰巳運河周辺,ハゼ,35.655087,139.815018,TOKYO_HARUMI
辰巳運河周辺,ハゼ,35.655048,139.814654,TOKYO_HARUMI
辰巳運河周辺,ボラ,35.654956,139.814868,TOKYO_HARUMI
辰巳運河周辺,ハゼ,35.6549205,139.815217,TOKYO_HARUMI
辰巳運河周辺,セイゴ,35.654772,139.814348,TOKYO_HARUMI
辰巳運河周辺,フッコ,35.654885,139.81453,TOKYO_HARUMI
辰巳運河周辺,フッコ,35.65482029,139.8154959,TOKYO_HARUMI
辰巳運河周辺,セイゴ,35.654764,139.81526,TOKYO_HARUMI
辰巳運河周辺,フッコ,35.654637,139.814439,TOKYO_HARUMI
辰巳運河周辺,スズキ,35.654833,139.815029,TOKYO_HARUMI
辰巳運河周辺,ハゼ,35.654776,139.814697,TOKYO_HARUMI
辰巳運河周辺,ボラ,35.654689,139.81489,TOKYO_HARUMI
辰巳運河周辺,ハゼ,35.651778,139.805848,TOKYO_HARUMI
辰巳運河周辺,ハゼ,35.653007296457,139.80651941534,TOKYO_HARUMI
辰巳運河周辺,セイゴ,35.653451804346,139.80658010681,TOKYO_HARUMI
辰巳運河周辺,フッコ,35.652039,139.805462,TOKYO_HARUMI
辰巳運河周辺,スズキ,35.652378770137,139.80498695593,TOKYO_HARUMI
辰巳運河周辺,ボラ,35.652877,139.805215,TOKYO_HARUMI
辰巳運河周辺,ボラ,35.653389910573,139.80586698213,TOKYO_HARUMI
辰巳運河周辺,ハゼ,35.643155,139.806545,TOKYO_HARUMI
辰巳運河周辺,ハゼ,35.644315,139.806406,TOKYO_HARUMI
辰巳運河周辺,ハゼ,35.646183,139.805977,TOKYO_HARUMI
辰巳運河周辺,ハゼ,35.646209,139.806502,TOKYO_HARUMI
辰巳運河周辺,スズキ,35.646602,139.806653,TOKYO_HARUMI
辰巳運河周辺,セイゴ,35.643774,139.806642,TOKYO_HARUMI
辰巳運河周辺,スズキ,35.643495,139.807071,TOKYO_HARUMI
辰巳運河周辺,スズキ,35.644673,139.806867,TOKYO_HARUMI
辰巳運河周辺,ボラ,35.644141,139.806996,TOKYO_HARUMI
お台場周辺,ハゼ,35.628828,139.792545,TOKYO_HARUMI
お台場周辺,ハゼ,35.627976,139.793334,TOKYO_HARUMI
お台場周辺,セイゴ,35.628383,139.792727,TOKYO_HARUMI
お台場周辺,セイゴ,35.627074,139.794019,TOKYO_HARUMI
お台場周辺,セイゴ,35.626236,139.794749,TOKYO_HARUMI
お台場周辺,アイナメ,35.627458,139.793462,TOKYO_HARUMI
お台場周辺,アイナメ,35.626602,139.794127,TOKYO_HARUMI
お台場周辺,ハゼ,35.62698,139.793488,TOKYO_HARUMI
お台場周辺,カレイ,35.626544,139.793499,TOKYO_HARUMI
お台場周辺,アナゴ,35.626168,139.79396,TOKYO_HARUMI
お台場周辺,アナゴ,35.627303,139.792641,TOKYO_HARUMI
お台場周辺,カレイ,35.627887,139.792126,TOKYO_HARUMI
お台場周辺,フッコ,35.628524,139.792126,TOKYO_HARUMI
お台場周辺,フッコ,35.625872,139.794508,TOKYO_HARUMI
お台場周辺,スズキ,35.626962,139.792984,TOKYO_HARUMI
お台場周辺,カレイ,35.62872395,139.7913212,TOKYO_HARUMI
お台場周辺,カレイ,35.62834011,139.7903985,TOKYO_HARUMI
お台場周辺,カレイ,35.62816641,139.7895509,TOKYO_HARUMI
お台場周辺,アナゴ,35.62806979,139.7900337,TOKYO_HARUMI
お台場周辺,ハゼ,35.628498,139.789969,TOKYO_HARUMI
お台場周辺,ハゼ,35.628961,139.790753,TOKYO_HARUMI
お台場周辺,ハゼ,35.629318,139.791332,TOKYO_HARUMI
お台場周辺,セイゴ,35.629048,139.791203,TOKYO_HARUMI
お台場周辺,セイゴ,35.628673,139.790484,TOKYO_HARUMI
お台場周辺,スズキ,35.627843,139.789594,TOKYO_HARUMI
お台場周辺,アナゴ,35.628532,139.790892,TOKYO_HARUMI
お台場周辺,ハゼ,35.627625,139.788414,TOKYO_HARUMI
お台場周辺,ハゼ,35.627311,139.786922,TOKYO_HARUMI
お台場周辺,ハゼ,35.627329,139.787727,TOKYO_HARUMI
お台場周辺,メバル,35.627425,139.788156,TOKYO_HARUMI
お台場周辺,メバル,35.62722421,139.7872227,TOKYO_HARUMI
お台場周辺,セイゴ,35.62707565,139.7875232,TOKYO_HARUMI
お台場周辺,セイゴ,35.627111,139.786804,TOKYO_HARUMI
お台場周辺,アナゴ,35.627146,139.787995,TOKYO_HARUMI
お台場周辺,カレイ,35.62671,139.786902,TOKYO_HARUMI
お台場周辺,カレイ,35.626928,139.787846,TOKYO_HARUMI
お台場周辺,ハゼ,35.626962,139.787158,TOKYO_HARUMI
豊洲周辺,クロダイ,35.6479272,139.7833884,TOKYO_HARUMI
豊洲周辺,クロダイ,35.649812,139.78618,TOKYO_HARUMI
豊洲周辺,クロダイ,35.650199580189,139.79350984097,TOKYO_HARUMI
豊洲周辺,クロダイ,35.64823778183,139.79523718357,TOKYO_HARUMI
豊洲周辺,スズキ,35.649136,139.784268,TOKYO_HARUMI
豊洲周辺,スズキ,35.646967,139.781689,TOKYO_HARUMI
豊洲周辺,スズキ,35.638569,139.779085,TOKYO_HARUMI
豊洲周辺,クロダイ,35.63918,139.779112,TOKYO_HARUMI
豊洲周辺,サッパ,35.645737,139.780051,TOKYO_HARUMI
豊洲周辺,サッパ,35.642073,139.77533,TOKYO_HARUMI
豊洲周辺,コノシロ,35.640502,139.776961,TOKYO_HARUMI
豊洲周辺,コノシロ,35.643976,139.777604,TOKYO_HARUMI
豊洲周辺,イワシ,35.644953,139.778591,TOKYO_HARUMI
豊洲周辺,イワシ,35.641253,139.776059,TOKYO_HARUMI
豊洲周辺,イワシ,35.6397,139.777733,TOKYO_HARUMI
豊洲周辺,イワシ,35.643225,139.776424,TOKYO_HARUMI
豊洲周辺,イナダ,35.63944411,139.7760144,TOKYO_HARUMI
豊洲周辺,イナダ,35.643097,139.77474,TOKYO_HARUMI
豊洲周辺,タチウオ,35.644183,139.775377,TOKYO_HARUMI
豊洲周辺,タチウオ,35.640258,139.774892,TOKYO_HARUMI
豊洲周辺,ハゼ,35.644744,139.777031,TOKYO_HARUMI
豊洲周辺,ハゼ,35.641634,139.773996,TOKYO_HARUMI
豊洲周辺,ハゼ,35.638721,139.777334,TOKYO_HARUMI
豊洲周辺,スズキ,35.65326691,139.7904817,TOKYO_HARUMI
豊洲周辺,クロダイ,35.651404,139.789678,TOKYO_HARUMI
豊洲周辺,クロダイ,35.651984,139.790618,TOKYO_HARUMI
豊洲周辺,メバル,35.651799,139.789981,TOKYO_HARUMI
豊洲周辺,メバル,35.652354,139.790937,TOKYO_HARUMI
豊洲周辺,ハゼ,35.652675,139.791635,TOKYO_HARUMI
豊洲周辺,ハゼ,35.65228,139.790239,TOKYO_HARUMI
豊洲周辺,ハゼ,35.651737,139.789389,TOKYO_HARUMI
豊洲周辺,カレイ,35.652243,139.789526,TOKYO_HARUMI
豊洲周辺,フッコ,35.65281,139.791013,TOKYO_HARUMI
豊洲周辺,スズキ,35.652391,139.788934,TOKYO_HARUMI
豊洲周辺,セイゴ,35.652675,139.790193,TOKYO_HARUMI
多摩川六郷橋周辺,ハゼ,35.543899,139.723437,TOKYO_HARUMI
多摩川六郷橋周辺,ハゼ,35.54372,139.723426,TOKYO_HARUMI
多摩川六郷橋周辺,ハゼ,35.543593,139.723308,TOKYO_HARUMI
多摩川六郷橋周辺,テナガエビ,35.544148,139.72341,TOKYO_HARUMI
多摩川六郷橋周辺,テナガエビ,35.544087,139.72326,TOKYO_HARUMI
奥多摩湖,ヤマベ,35.773918,138.998868,TOKYO_OKUTAMA
奥多摩湖,ヤマベ,35.773709,138.998557,TOKYO_OKUTAMA
奥多摩湖,ヤマベ,35.773569,138.998246,TOKYO_OKUTAMA
奥多摩湖,ヤマベ,35.777841,139.00505,TOKYO_OKUTAMA
奥多摩湖,ヤマベ,35.777545,139.005072,TOKYO_OKUTAMA
多摩川是政橋,ヤマベ,35.652842,139.489475,TOKYO_OKUTAMA
多摩川是政橋,ヤマベ,35.652299,139.48468,TOKYO_OKUTAMA
多摩川是政橋,ヤマベ,35.652496,139.486986,TOKYO_OKUTAMA
多摩川是政橋,ヤマベ,35.653385,139.491599,TOKYO_OKUTAMA
多摩川是政橋,ヤマベ,35.653434,139.494027,TOKYO_OKUTAMA
多摩川是政橋,ヤマベ,35.652348,139.497911,TOKYO_OKUTAMA
多摩川是政橋,ウグイ,35.652012,139.482111,TOKYO_OKUTAMA
多摩川是政橋,ウグイ,35.652763,139.495908,TOKYO_OKUTAMA
多摩川是政橋,ウグイ,35.652146,139.479901,TOKYO_OKUTAMA
多摩川日野,ヤマベ,35.685139,139.398319,TOKYO_OKUTAMA
多摩川日野,ヤマベ,35.68493,139.400615,TOKYO_OKUTAMA
多摩川日野,ヤマベ,35.684773,139.401516,TOKYO_OKUTAMA
多摩川日野,ヤマベ,35.687523,139.385637,TOKYO_OKUTAMA
多摩川日野,ヤマベ,35.687732,139.386259,TOKYO_OKUTAMA
多摩川日野,ヤマベ,35.687498,139.384577,TOKYO_OKUTAMA
多摩川日野,ウグイ,35.688065,139.388955,TOKYO_OKUTAMA
多摩川日野,ウグイ,35.684825,139.402539,TOKYO_OKUTAMA
多摩川日野,ウグイ,35.685007,139.399485,TOKYO_OKUTAMA
平井川,ヤマベ,35.740513,139.284137,TOKYO_OKUTAMA
平井川,ヤマベ,35.740731,139.284491,TOKYO_OKUTAMA
平井川,ヤマベ,35.740862,139.284877,TOKYO_OKUTAMA
平井川,ヤマベ,35.740914,139.285328,TOKYO_OKUTAMA
新葛飾橋周辺,ウナギ,35.767124767197,139.87930566072,TOKYO_HARUMI
新葛飾橋周辺,ウナギ,35.766946246975,139.87943440676,TOKYO_HARUMI
新葛飾橋周辺,ウナギ,35.766793916608,139.87929493189,TOKYO_HARUMI
新葛飾橋周辺,テナガエビ,35.767716434051,139.87886041403,TOKYO_HARUMI
新葛飾橋周辺,テナガエビ,35.767294077548,139.87890869379,TOKYO_HARUMI
新葛飾橋周辺,テナガエビ,35.766584440149,139.87912327051,TOKYO_HARUMI
新葛飾橋周辺,テナガエビ,35.766341350517,139.87919837236,TOKYO_HARUMI
新葛飾橋周辺,ハゼ,35.768034303979,139.87891942263,TOKYO_HARUMI
新葛飾橋周辺,ハゼ,35.766132278283,139.8794773221,TOKYO_HARUMI
新葛飾橋周辺,スズキ,35.765962267435,139.87967312336,TOKYO_HARUMI
新葛飾橋周辺,ハゼ,35.765309,139.879974,TOKYO_HARUMI
新葛飾橋周辺,スズキ,35.765422,139.879684,TOKYO_HARUMI
新葛飾橋周辺,ウナギ,35.765083,139.879823,TOKYO_HARUMI
新葛飾橋周辺,ウナギ,35.764647,139.880521,TOKYO_HARUMI
新葛飾橋周辺,ウナギ,35.764075480985,139.88048713448,TOKYO_HARUMI
新葛飾橋周辺,スズキ,35.76483,139.880027,TOKYO_HARUMI
新葛飾橋周辺,テナガエビ,35.76855,139.87889,TOKYO_HARUMI
新葛飾橋周辺,ハゼ,35.768984,139.87904,TOKYO_HARUMI
新葛飾橋周辺,ウナギ,35.768781,139.879288,TOKYO_HARUMI
平井大橋周辺,ウナギ,35.721413,139.844702,TOKYO_HARUMI
平井大橋周辺,スズキ,35.72082,139.845411,TOKYO_HARUMI
平井大橋周辺,ウナギ,35.720226,139.846033,TOKYO_HARUMI
平井大橋周辺,スズキ,35.719653,139.846698,TOKYO_HARUMI
平井大橋周辺,ハゼ,35.719113,139.84732,TOKYO_HARUMI
平井大橋周辺,ウナギ,35.718589813844,139.84785676003,TOKYO_HARUMI
平井大橋周辺,スズキ,35.718084,139.848415,TOKYO_HARUMI
平井大橋周辺,ウナギ,35.717352789019,139.84907984734,TOKYO_HARUMI
平井大橋周辺,ウナギ,35.716481,139.850045,TOKYO_HARUMI
平井大橋周辺,スズキ,35.716794,139.849273,TOKYO_HARUMI
平井大橋周辺,スズキ,35.715522,139.850796,TOKYO_HARUMI
平井大橋周辺,スズキ,35.714789,139.851612,TOKYO_HARUMI
平井大橋周辺,スズキ,35.714005,139.852449,TOKYO_HARUMI
平井大橋周辺,ウナギ,35.713326,139.853264,TOKYO_HARUMI
平井大橋周辺,ハゼ,35.712873,139.853843,TOKYO_HARUMI
荒川赤羽緑地周辺,ウナギ,35.787702,139.70655,TOKYO_HARUMI
荒川赤羽緑地周辺,ウナギ,35.787679740083,139.70678597689,TOKYO_HARUMI
荒川赤羽緑地周辺,ウナギ,35.787484109959,139.70636755228,TOKYO_HARUMI
荒川赤羽緑地周辺,ウナギ,35.787375,139.706056,TOKYO_HARUMI
荒川赤羽緑地周辺,ウナギ,35.787824,139.706845,TOKYO_HARUMI
荒川赤羽緑地周辺,ウナギ,35.787789,139.707097,TOKYO_HARUMI
荒川赤羽緑地周辺,ウナギ,35.787945,139.707178,TOKYO_HARUMI
荒川赤羽緑地周辺,ウナギ,35.787889,139.707414,TOKYO_HARUMI
荒川赤羽緑地周辺,ウナギ,35.788033,139.707521,TOKYO_HARUMI
荒川赤羽緑地周辺,ウナギ,35.787972,139.707725,TOKYO_HARUMI
荒川赤羽緑地周辺,ウナギ,35.788137,139.707848,TOKYO_HARUMI
荒川赤羽緑地周辺,ウナギ,35.788059,139.708068,TOKYO_HARUMI
荒川赤羽緑地周辺,ウナギ,35.78822,139.708277,TOKYO_HARUMI
荒川赤羽緑地周辺,ウナギ,35.788193,139.708634,TOKYO_HARUMI
荒川赤羽緑地周辺,ウナギ,35.78835,139.708892,TOKYO_HARUMI
堀切橋小菅JCT周辺,ウナギ,35.756509586326,139.82022430607,TOKYO_HARUMI
堀切橋小菅JCT周辺,ウナギ,35.757144565519,139.82016361461,TOKYO_HARUMI
堀切橋小菅JCT周辺,ウナギ,35.76038195261,139.81982981157,TOKYO_HARUMI
堀切橋小菅JCT周辺,ウナギ,35.757790351514,139.82008775029,TOKYO_HARUMI
堀切橋小菅JCT周辺,ウナギ,35.759485,139.819905,TOKYO_HARUMI
堀切橋小菅JCT周辺,ウナギ,35.759119,139.819932,TOKYO_HARUMI
堀切橋小菅JCT周辺,ウナギ,35.758797,139.819964,TOKYO_HARUMI
堀切橋小菅JCT周辺,ウナギ,35.758461,139.820029,TOKYO_HARUMI
若洲海浜公園,カレイ,35.617593,139.830333,TOKYO_HARUMI
若洲海浜公園,カレイ,35.617125,139.830121,TOKYO_HARUMI
お台場周辺,フッコ,35.626291,139.785694,TOKYO_HARUMI
お台場周辺,アナゴ,35.625227,139.784836,TOKYO_HARUMI
お台場周辺,ハゼ,35.625733,139.784943,TOKYO_HARUMI
お台場周辺,ハゼ,35.624877,139.784213,TOKYO_HARUMI
お台場周辺,カレイ,35.624354,139.783355,TOKYO_HARUMI
お台場周辺,カレイ,35.623987,139.782883,TOKYO_HARUMI
お台場周辺,カサゴ,35.62404,139.781917,TOKYO_HARUMI
お台場周辺,カサゴ,35.623795,139.781359,TOKYO_HARUMI
お台場周辺,カサゴ,35.623516,139.781917,TOKYO_HARUMI
お台場周辺,ハゼ,35.623099,139.782175,TOKYO_HARUMI
豊洲周辺,キビレ,35.646519,139.78049,TOKYO_HARUMI
豊洲周辺,ハゼ,35.647985,139.781177,TOKYO_HARUMI
若洲海浜公園,メバル,35.614823,139.833228,TOKYO_HARUMI
若洲海浜公園,メバル,35.613042,139.834805,TOKYO_HARUMI
お台場周辺,メバル,35.608768936764,139.79250133038,TOKYO_HARUMI
お台場周辺,メバル,35.607883,139.791897,TOKYO_HARUMI
お台場周辺,メバル,35.607501,139.791601,TOKYO_HARUMI
お台場周辺,スズキ,35.608068796548,139.79323936485,TOKYO_HARUMI
豊洲周辺,メバル,35.648779,139.769802,TOKYO_HARUMI
豊洲周辺,メバル,35.648661,139.769936,TOKYO_HARUMI
豊洲周辺,メバル,35.648521,139.770086,TOKYO_HARUMI
豊洲周辺,メバル,35.64839,139.77022,TOKYO_HARUMI
豊洲周辺,メバル,35.647906,139.770655,TOKYO_HARUMI
豊洲周辺,メバル,35.647749,139.770837,TOKYO_HARUMI
豊洲周辺,メバル,35.647605,139.770982,TOKYO_HARUMI
豊洲周辺,メバル,35.64747,139.771121,TOKYO_HARUMI
豊洲周辺,メバル,35.647018,139.771518,TOKYO_HARUMI
豊洲周辺,メバル,35.646882,139.771744,TOKYO_HARUMI
お台場周辺,メバル,35.626498,139.768417,TOKYO_HARUMI
お台場周辺,メバル,35.625905,139.767317,TOKYO_HARUMI
お台場周辺,メバル,35.626109,139.767688,TOKYO_HARUMI
お台場周辺,メバル,35.626312,139.76803,TOKYO_HARUMI
お台場周辺,メバル,35.615341,139.775601,TOKYO_HARUMI
お台場周辺,メバル,35.614717,139.776155,TOKYO_HARUMI
お台場周辺,メバル,35.613737,139.777186,TOKYO_HARUMI
城南島海浜公園,メバル,35.581523086875,139.78633224964,TOKYO_HARUMI
城南島海浜公園,メバル,35.58192483272,139.78603184223,TOKYO_HARUMI
城南島海浜公園,メバル,35.582265101919,139.78548467159,TOKYO_HARUMI
城南島海浜公園,メバル,35.581191575534,139.78684723377,TOKYO_HARUMI
城南島海浜公園,メバル,35.581252923781,139.78634297848,TOKYO_HARUMI
城南島海浜公園,メバル,35.584701503707,139.78143487552,TOKYO_HARUMI
城南島海浜公園,メバル,35.584670675123,139.78174591926,TOKYO_HARUMI
城南島海浜公園,メバル,35.584906,139.781124,TOKYO_HARUMI
城南島海浜公園,メバル,35.585078,139.781268,TOKYO_HARUMI
荒川赤羽緑地周辺,テナガエビ,35.787446,139.730378,TOKYO_HARUMI
荒川赤羽緑地周辺,テナガエビ,35.787625,139.730598,TOKYO_HARUMI
荒川赤羽緑地周辺,テナガエビ,35.787656,139.731031,TOKYO_HARUMI
荒川赤羽緑地周辺,テナガエビ,35.787508,139.731349,TOKYO_HARUMI
荒川赤羽緑地周辺,テナガエビ,35.787329,139.731592,TOKYO_HARUMI
荒川赤羽緑地周辺,テナガエビ,35.787163,139.731713,TOKYO_HARUMI
荒川赤羽緑地周辺,テナガエビ,35.786836,139.729472,TOKYO_HARUMI
荒川赤羽緑地周辺,テナガエビ,35.786718,139.729848,TOKYO_HARUMI
荒川赤羽緑地周辺,テナガエビ,35.786666,139.730078,TOKYO_HARUMI
荒川赤羽緑地周辺,テナガエビ,35.786575,139.730234,TOKYO_HARUMI
芝浦周辺,ハゼ,35.641965,139.753676,TOKYO_HARUMI
芝浦周辺,ハゼ,35.641821,139.754009,TOKYO_HARUMI
芝浦周辺,ハゼ,35.642079,139.754154,TOKYO_HARUMI
芝浦周辺,ハゼ,35.643134,139.754261,TOKYO_HARUMI
芝浦周辺,ハゼ,35.643495369399,139.75445955992,TOKYO_HARUMI
芝浦周辺,ハゼ,35.643817957082,139.75459903479,TOKYO_HARUMI
芝浦周辺,ハゼ,35.644163,139.754803,TOKYO_HARUMI
葛西駅周辺,ハゼ,35.650765,139.879717,TOKYO_HARUMI
葛西駅周辺,ハゼ,35.651246,139.878708,TOKYO_HARUMI
葛西駅周辺,ハゼ,35.650993,139.878921,TOKYO_HARUMI
葛西駅周辺,ハゼ,35.651712,139.878351,TOKYO_HARUMI
葛西駅周辺,ハゼ,35.652711,139.877986,TOKYO_HARUMI
葛西駅周辺,ハゼ,35.652235,139.878147,TOKYO_HARUMI
葛西駅周辺,テナガエビ,35.657376,139.885941,TOKYO_HARUMI
葛西駅周辺,テナガエビ,35.661437,139.886564,TOKYO_HARUMI
葛西駅周辺,テナガエビ,35.660487,139.886475,TOKYO_HARUMI
葛西駅周辺,テナガエビ,35.658358,139.886218,TOKYO_HARUMI
葛西駅周辺,テナガエビ,35.659493,139.8864,TOKYO_HARUMI
神代植物園周辺,ヤマベ,35.663086,139.547819,TOKYO_HARUMI
神代植物園周辺,ヤマベ,35.662178,139.54871,TOKYO_HARUMI
神代植物園周辺,ヤマベ,35.661201,139.549193,TOKYO_HARUMI
神代植物園周辺,ヤマベ,35.660717,139.549668,TOKYO_HARUMI
神代植物園周辺,カワムツ,35.660918,139.549437,TOKYO_HARUMI
神代植物園周辺,モロコ,35.661851,139.54889,TOKYO_HARUMI
神代植物園周辺,モロコ,35.662692,139.548364,TOKYO_HARUMI
神代植物園周辺,カワムツ,35.661428,139.549024,TOKYO_HARUMI
大井周辺,ハゼ,35.588071190536,139.73815048356,TOKYO_HARUMI
大井周辺,ハゼ,35.58828,139.738962,TOKYO_HARUMI
大井周辺,ハゼ,35.587835,139.737445,TOKYO_HARUMI
葛西臨海公園,ハゼ,35.654265,139.865565,TOKYO_HARUMI
葛西臨海公園,ハゼ,35.653747,139.864685,TOKYO_HARUMI
葛西臨海公園,テナガエビ,35.653426,139.863987,TOKYO_HARUMI
葛西臨海公園,テナガエビ,35.653551,139.862682,TOKYO_HARUMI
葛西臨海公園,ハゼ,35.654512,139.859313,TOKYO_HARUMI
葛西臨海公園,スズキ,35.641046086315,139.85150456429,TOKYO_HARUMI
葛西臨海公園,スズキ,35.639547,139.849638,TOKYO_HARUMI
葛西臨海公園,スズキ,35.639876045291,139.85392928123,TOKYO_HARUMI
葛西臨海公園,スズキ,35.637888,139.85895,TOKYO_HARUMI
葛西臨海公園,ハゼ,35.63707,139.859444,TOKYO_HARUMI
葛西臨海公園,ハゼ,35.638204,139.858242,TOKYO_HARUMI
葛西臨海公園,ハゼ,35.638483,139.857448,TOKYO_HARUMI
葛西臨海公園,ハゼ,35.638693,139.856654,TOKYO_HARUMI
葛西臨海公園,ハゼ,35.638728,139.855775,TOKYO_HARUMI
葛西臨海公園,ハゼ,35.639439995559,139.85502362251,TOKYO_HARUMI
葛西臨海公園,ハゼ,35.640243,139.852964,TOKYO_HARUMI
葛西臨海公園,ハゼ,35.640566985298,139.8511731584,TOKYO_HARUMI
葛西臨海公園,ハゼ,35.639981,139.849981,TOKYO_HARUMI
豊洲周辺,ハゼ,35.650284,139.794277,TOKYO_HARUMI
豊洲周辺,ハゼ,35.64986,139.793767,TOKYO_HARUMI
豊洲周辺,ハゼ,35.649214,139.794379,TOKYO_HARUMI
豊洲周辺,ハゼ,35.648577,139.79499,TOKYO_HARUMI
豊洲周辺,ハゼ,35.647888,139.795044,TOKYO_HARUMI
豊洲周辺,セイゴ,35.648979,139.794754,TOKYO_HARUMI
豊洲周辺,セイゴ,35.649624,139.794143,TOKYO_HARUMI
お台場周辺,ハゼ,35.628076,139.786355,TOKYO_HARUMI
お台場周辺,ハゼ,35.628500699784,139.78594880299,TOKYO_HARUMI
お台場周辺,セイゴ,35.628187,139.785915,TOKYO_HARUMI
お台場周辺,フッコ,35.628607,139.785535,TOKYO_HARUMI
大井周辺,ハゼ,35.587553,139.749834,TOKYO_HARUMI
大井周辺,ハゼ,35.586849,139.750152,TOKYO_HARUMI
大井周辺,ハゼ,35.577615,139.754757,TOKYO_HARUMI
大井周辺,ハゼ,35.577955,139.754189,TOKYO_HARUMI
大井周辺,フッコ,35.577658,139.754328,TOKYO_HARUMI
大井周辺,アナゴ,35.577335,139.754403,TOKYO_HARUMI
大井周辺,アナゴ,35.577772,139.753867,TOKYO_HARUMI
浮間公園周辺,コイ,35.79392,139.693517,TOKYO_HARUMI
浮間公園周辺,テナガエビ,35.800725,139.685782,TOKYO_HARUMI
浮間公園周辺,テナガエビ,35.80083,139.686382,TOKYO_HARUMI
浮間公園周辺,テナガエビ,35.800926,139.686994,TOKYO_HARUMI
浮間公園周辺,テナガエビ,35.799685499921,139.69667924903,TOKYO_HARUMI
浮間公園周辺,テナガエビ,35.799359359744,139.69735444155,TOKYO_HARUMI
浮間公園周辺,テナガエビ,35.799544,139.697043,TOKYO_HARUMI
浮間公園周辺,スズキ,35.800741771271,139.6875089407,TOKYO_HARUMI
浮間公園周辺,コイ,35.799576,139.696124,TOKYO_HARUMI
浮間公園周辺,ソウギョ,35.799289,139.696532,TOKYO_HARUMI
浮間公園周辺,ニゴイ,35.799132,139.697133,TOKYO_HARUMI
浮間公園周辺,スズキ,35.796502,139.701714,TOKYO_HARUMI
浮間公園周辺,スズキ,35.796841,139.701102,TOKYO_HARUMI
浮間公園周辺,スズキ,35.799851,139.700681,TOKYO_HARUMI
浮間公園周辺,クチボソ,35.799603,139.700671,TOKYO_HARUMI
浮間公園周辺,ヘラブナ,35.799254,139.700789,TOKYO_HARUMI
荒川赤羽緑地周辺,スズキ,35.788367,139.731465,TOKYO_HARUMI
荒川赤羽緑地周辺,スズキ,35.787924,139.729137,TOKYO_HARUMI
荒川赤羽緑地周辺,ハゼ,35.787741,139.731937,TOKYO_HARUMI
荒川赤羽緑地周辺,ハゼ,35.788124,139.726176,TOKYO_HARUMI
荒川赤羽緑地周辺,ウナギ,35.78795,139.727699,TOKYO_HARUMI
荒川赤羽緑地周辺,コイ,35.789012,139.724438,TOKYO_HARUMI
荒川赤羽緑地周辺,コイ,35.790152,139.722453,TOKYO_HARUMI
荒川赤羽緑地周辺,ソウギョ,35.788523,139.725124,TOKYO_HARUMI
荒川赤羽緑地周辺,コイ,35.786592,139.731991,TOKYO_HARUMI
荒川赤羽緑地周辺,ニゴイ,35.786148,139.73228,TOKYO_HARUMI
荒川赤羽緑地周辺,ニゴイ,35.785779,139.727681,TOKYO_HARUMI
荒川赤羽緑地周辺,コイ,35.786074,139.726877,TOKYO_HARUMI
荒川赤羽緑地周辺,ウナギ,35.785236181271,139.72921366581,TOKYO_HARUMI
荒川赤羽緑地周辺,ウナギ,35.786345,139.726043,TOKYO_HARUMI
荒川赤羽緑地周辺,スズキ,35.786664,139.725254,TOKYO_HARUMI
荒川赤羽緑地周辺,ハゼ,35.785519474465,139.72897089996,TOKYO_HARUMI
荒川赤羽緑地周辺,ハゼ,35.786345,139.726604,TOKYO_HARUMI
荒川赤羽緑地周辺,スズキ,35.785507,139.72847,TOKYO_HARUMI
都市農業公園,スズキ,35.784653,139.746292,TOKYO_HARUMI
都市農業公園,ウナギ,35.784331,139.745906,TOKYO_HARUMI
都市農業公園,スズキ,35.783963,139.745058,TOKYO_HARUMI
都市農業公園,ヘラブナ,35.783849,139.74567,TOKYO_HARUMI
都市農業公園,テナガエビ,35.783597,139.745509,TOKYO_HARUMI
都市農業公園,テナガエビ,35.783187,139.74493,TOKYO_HARUMI
都市農業公園,ハゼ,35.783536,139.744983,TOKYO_HARUMI
都市農業公園,コイ,35.783039,139.744286,TOKYO_HARUMI
都市農業公園,クロダイ,35.782761,139.743599,TOKYO_HARUMI
五色桜大橋周辺,ソウギョ,35.763971,139.759693,TOKYO_HARUMI
五色桜大橋周辺,ハゼ,35.765283376744,139.76107656956,TOKYO_HARUMI
五色桜大橋周辺,ハゼ,35.764738,139.761205,TOKYO_HARUMI
五色桜大橋周辺,テナガエビ,35.764363,139.761345,TOKYO_HARUMI
五色桜大橋周辺,テナガエビ,35.764041,139.761484,TOKYO_HARUMI
五色桜大橋周辺,テナガエビ,35.763623,139.761699,TOKYO_HARUMI
五色桜大橋周辺,テナガエビ,35.762952,139.760057,TOKYO_HARUMI
五色桜大橋周辺,テナガエビ,35.762638,139.760229,TOKYO_HARUMI
五色桜大橋周辺,ハゼ,35.762342,139.760358,TOKYO_HARUMI
五色桜大橋周辺,ハゼ,35.762054,139.760562,TOKYO_HARUMI
五色桜大橋周辺,クロダイ,35.76188,139.760905,TOKYO_HARUMI
五色桜大橋周辺,クロダイ,35.764978603587,139.76088345051,TOKYO_HARUMI
五色桜大橋周辺,ウナギ,35.762775850498,139.76159155369,TOKYO_HARUMI
五色桜大橋周辺,ハゼ,35.763142,139.761881,TOKYO_HARUMI
五色桜大橋周辺,ハゼ,35.762733,139.762203,TOKYO_HARUMI
五色桜大橋周辺,ウナギ,35.762836854858,139.76062595844,TOKYO_HARUMI
五色桜大橋周辺,スズキ,35.76241,139.760873,TOKYO_HARUMI
五色桜大橋周辺,スズキ,35.764457,139.760626,TOKYO_HARUMI
五色桜大橋周辺,スズキ,35.766852,139.755782,TOKYO_HARUMI
五色桜大橋周辺,スズキ,35.755948,139.751769,TOKYO_HARUMI
五色桜大橋周辺,ウナギ,35.755566801136,139.75376486778,TOKYO_HARUMI
五色桜大橋周辺,ウナギ,35.765997,139.756168,TOKYO_HARUMI
五色桜大橋周辺,クロダイ,35.765144,139.756297,TOKYO_HARUMI
五色桜大橋周辺,クロダイ,35.755340315473,139.75580334663,TOKYO_HARUMI
五色桜大橋周辺,ハゼ,35.756367666505,139.74994540215,TOKYO_HARUMI
五色桜大橋周辺,ハゼ,35.767583,139.754602,TOKYO_HARUMI
五色桜大橋周辺,ハゼ,35.767720321365,139.75346446037,TOKYO_HARUMI
五色桜大橋周辺,ハゼ,35.757065,139.748872,TOKYO_HARUMI
五色桜大橋周辺,コイ,35.757884,139.748122,TOKYO_HARUMI
五色桜大橋周辺,コイ,35.767896,139.75237,TOKYO_HARUMI
五色桜大橋周辺,ニゴイ,35.764413,139.756125,TOKYO_HARUMI
五色桜大橋周辺,ニゴイ,35.754732,139.757305,TOKYO_HARUMI
五色桜大橋周辺,ウグイ,35.754678648879,139.75912928581,TOKYO_HARUMI
五色桜大橋周辺,ウグイ,35.763644350079,139.75567514317,TOKYO_HARUMI
堀切橋小菅JCT周辺,テナガエビ,35.756996,139.810633,TOKYO_HARUMI
堀切橋小菅JCT周辺,テナガエビ,35.756604,139.811234,TOKYO_HARUMI
堀切橋小菅JCT周辺,テナガエビ,35.758258,139.808702,TOKYO_HARUMI
堀切橋小菅JCT周辺,テナガエビ,35.759756,139.804797,TOKYO_HARUMI
堀切橋小菅JCT周辺,ハゼ,35.759695,139.806052,TOKYO_HARUMI
堀切橋小菅JCT周辺,ハゼ,35.759154,139.806878,TOKYO_HARUMI
堀切橋小菅JCT周辺,ハゼ,35.758632,139.807704,TOKYO_HARUMI
堀切橋小菅JCT周辺,ハゼ,35.756281,139.811663,TOKYO_HARUMI
堀切橋小菅JCT周辺,クロダイ,35.759364,139.805397,TOKYO_HARUMI
堀切橋小菅JCT周辺,クロダイ,35.75669,139.810322,TOKYO_HARUMI
堀切橋小菅JCT周辺,スズキ,35.756124037937,139.81118023396,TOKYO_HARUMI
堀切橋小菅JCT周辺,スズキ,35.75905,139.806063,TOKYO_HARUMI
堀切橋小菅JCT周辺,ウナギ,35.759407,139.804561,TOKYO_HARUMI
堀切橋小菅JCT周辺,ウナギ,35.743982,139.820114,TOKYO_HARUMI
堀切橋小菅JCT周辺,ウナギ,35.744672,139.81972,TOKYO_HARUMI
堀切橋小菅JCT周辺,スズキ,35.746201,139.818415,TOKYO_HARUMI
堀切橋小菅JCT周辺,テナガエビ,35.745141,139.8184,TOKYO_HARUMI
堀切橋小菅JCT周辺,ハゼ,35.744438,139.818855,TOKYO_HARUMI
堀切橋小菅JCT周辺,フッコ,35.743437985254,139.81978049976,TOKYO_HARUMI
堀切橋小菅JCT周辺,テナガエビ,35.743082,139.818612,TOKYO_HARUMI
堀切橋小菅JCT周辺,ハゼ,35.743328,139.819037,TOKYO_HARUMI
堀切橋小菅JCT周辺,フッコ,35.745312,139.819234,TOKYO_HARUMI
堀切橋小菅JCT周辺,フッコ,35.760801,139.819784,TOKYO_HARUMI
堀切橋小菅JCT周辺,セイゴ,35.756005,139.820285,TOKYO_HARUMI
新葛飾橋周辺,コイ,35.769727747843,139.87956158969,TOKYO_HARUMI
新葛飾橋周辺,ヘラブナ,35.770380748656,139.87965262688,TOKYO_HARUMI
新葛飾橋周辺,コイ,35.76350868094,139.88157958079,TOKYO_HARUMI
新葛飾橋周辺,ヘラブナ,35.763632,139.880851,TOKYO_HARUMI
篠崎グラウンド周辺,ハゼ,35.715004,139.906243,TOKYO_HARUMI
篠崎グラウンド周辺,ハゼ,35.717812,139.904162,TOKYO_HARUMI
篠崎グラウンド周辺,ハゼ,35.712771,139.908453,TOKYO_HARUMI
篠崎グラウンド周辺,コイ,35.714131,139.907016,TOKYO_HARUMI
篠崎グラウンド周辺,コイ,35.709931,139.91326,TOKYO_HARUMI
篠崎グラウンド周辺,コイ,35.718922,139.903539,TOKYO_HARUMI
篠崎グラウンド周辺,アオウオ,35.717214,139.905235,TOKYO_HARUMI
篠崎グラウンド周辺,アオウオ,35.711813,139.91032,TOKYO_HARUMI
篠崎グラウンド周辺,ソウギョ,35.711011,139.911929,TOKYO_HARUMI
篠崎グラウンド周辺,ソウギョ,35.713713,139.907981,TOKYO_HARUMI
篠崎グラウンド周辺,ソウギョ,35.720072,139.902874,TOKYO_HARUMI
篠崎グラウンド周辺,テナガエビ,35.716413,139.905213,TOKYO_HARUMI
篠崎グラウンド周辺,スズキ,35.712717,139.909612,TOKYO_HARUMI
篠崎グラウンド周辺,ウナギ,35.711778,139.911565,TOKYO_HARUMI
篠崎グラウンド周辺,ウナギ,35.71581243882,139.90613686355,TOKYO_HARUMI
篠崎グラウンド周辺,スズキ,35.706795,139.916993,TOKYO_HARUMI
篠崎グラウンド周辺,ハゼ,35.707703,139.915191,TOKYO_HARUMI
篠崎グラウンド周辺,ハゼ,35.706533279467,139.91555571556,TOKYO_HARUMI
篠崎グラウンド周辺,ハゼ,35.704094024087,139.91604924202,TOKYO_HARUMI
篠崎グラウンド周辺,ハゼ,35.705244175717,139.91574883461,TOKYO_HARUMI
篠崎グラウンド周辺,テナガエビ,35.702648,139.916757,TOKYO_HARUMI
篠崎グラウンド周辺,コイ,35.705991,139.916092,TOKYO_HARUMI
篠崎グラウンド周辺,ソウギョ,35.703484,139.916822,TOKYO_HARUMI
篠崎グラウンド周辺,スズキ,35.704617,139.916886,TOKYO_HARUMI
篠崎グラウンド周辺,ウナギ,35.705349,139.916564,TOKYO_HARUMI
篠崎グラウンド周辺,アオウオ,35.707198,139.915684,TOKYO_HARUMI
篠崎グラウンド周辺,コイ,35.70793,139.916114,TOKYO_HARUMI
篠崎グラウンド周辺,ウナギ,35.708366,139.91532,TOKYO_HARUMI
上一色橋周辺,テナガエビ,35.728265,139.874998,TOKYO_HARUMI
上一色橋周辺,ハゼ,35.728672,139.874695,TOKYO_HARUMI
上一色橋周辺,ハゼ,35.729011,139.87446,TOKYO_HARUMI
上一色橋周辺,ハゼ,35.72927,139.874255,TOKYO_HARUMI
上一色橋周辺,スズキ,35.728919,139.874748,TOKYO_HARUMI
上一色橋周辺,ハゼ,35.729572,139.874027,TOKYO_HARUMI
上一色橋周辺,スズキ,35.729461111966,139.87428522572,TOKYO_HARUMI
上一色橋周辺,ウナギ,35.729165,139.874725,TOKYO_HARUMI
上一色橋周辺,ウナギ,35.729850390899,139.87414866993,TOKYO_HARUMI
上一色橋周辺,テナガエビ,35.729035,139.87534,TOKYO_HARUMI
上一色橋周辺,ハゼ,35.728665,139.87556,TOKYO_HARUMI
平井大橋周辺,ハゼ,35.717510852594,139.83807897551,TOKYO_HARUMI
平井大橋周辺,ハゼ,35.717818,139.837369,TOKYO_HARUMI
平井大橋周辺,ハゼ,35.718114,139.836382,TOKYO_HARUMI
平井大橋周辺,ハゼ,35.717853,139.835535,TOKYO_HARUMI
平井大橋周辺,ハゼ,35.717370591618,139.83430087566,TOKYO_HARUMI
平井大橋周辺,ハゼ,35.716641,139.833764,TOKYO_HARUMI
平井大橋周辺,ハゼ,35.71588,139.833325,TOKYO_HARUMI
平井大橋周辺,ハゼ,35.714851,139.833142,TOKYO_HARUMI
平井大橋周辺,ハゼ,35.714044,139.833732,TOKYO_HARUMI
平井大橋周辺,ハゼ,35.717141,139.838792,TOKYO_HARUMI
亀戸中央公園・大島小松川公園,ハゼ,35.69181,139.848023,TOKYO_HARUMI
亀戸中央公園・大島小松川公園,ハゼ,35.69133,139.847948,TOKYO_HARUMI
亀戸中央公園・大島小松川公園,ハゼ,35.692551,139.848055,TOKYO_HARUMI
亀戸中央公園・大島小松川公園,ハゼ,35.693493,139.847959,TOKYO_HARUMI
亀戸中央公園・大島小松川公園,ハゼ,35.694086,139.847884,TOKYO_HARUMI
亀戸中央公園・大島小松川公園,ハゼ,35.690659,139.847787,TOKYO_HARUMI
亀戸中央公園・大島小松川公園,ハゼ,35.690048921605,139.84788358212,TOKYO_HARUMI
亀戸中央公園・大島小松川公園,ハゼ,35.689438,139.847873,TOKYO_HARUMI
亀戸中央公園・大島小松川公園,ハゼ,35.689055,139.847551,TOKYO_HARUMI
亀戸中央公園・大島小松川公園,ハゼ,35.688514,139.847572,TOKYO_HARUMI
亀戸中央公園・大島小松川公園,ハゼ,35.703039,139.835257,TOKYO_HARUMI
亀戸中央公園・大島小松川公園,ハゼ,35.702665391831,139.83619754019,TOKYO_HARUMI
亀戸中央公園・大島小松川公園,ハゼ,35.70241,139.836895,TOKYO_HARUMI
亀戸中央公園・大島小松川公園,ハゼ,35.702176,139.837518,TOKYO_HARUMI
亀戸中央公園・大島小松川公園,ハゼ,35.701781,139.838489,TOKYO_HARUMI
亀戸中央公園・大島小松川公園,ハゼ,35.701917,139.8377,TOKYO_HARUMI
亀戸中央公園・大島小松川公園,ハゼ,35.702139,139.837153,TOKYO_HARUMI
亀戸中央公園・大島小松川公園,ハゼ,35.702348,139.836486,TOKYO_HARUMI
塩の道周辺,ハゼ,35.685254,139.824074,TOKYO_HARUMI
塩の道周辺,ハゼ,35.685168,139.823012,TOKYO_HARUMI
塩の道周辺,ハゼ,35.685193,139.823301,TOKYO_HARUMI
塩の道周辺,ハゼ,35.685402,139.826957,TOKYO_HARUMI
塩の道周辺,ハゼ,35.685353,139.826411,TOKYO_HARUMI
塩の道周辺,ハゼ,35.684752,139.816486,TOKYO_HARUMI
塩の道周辺,ハゼ,35.684735,139.815735,TOKYO_HARUMI
塩の道周辺,ハゼ,35.68435,139.808546,TOKYO_HARUMI
塩の道周辺,ハゼ,35.684403,139.809169,TOKYO_HARUMI
塩の道周辺,ハゼ,35.684472,139.810177,TOKYO_HARUMI
塩の道周辺,クロダイ,35.684874,139.817816,TOKYO_HARUMI
塩の道周辺,クロダイ,35.685142867037,139.82208073139,TOKYO_HARUMI
塩の道周辺,クロダイ,35.685307,139.825348,TOKYO_HARUMI
塩の道周辺,クロダイ,35.685604443097,139.82991814613,TOKYO_HARUMI
塩の道周辺,ハゼ,35.685727,139.832901,TOKYO_HARUMI
塩の道周辺,ハゼ,35.685656658204,139.83150601387,TOKYO_HARUMI
塩の道周辺,ハゼ,35.685501,139.828373,TOKYO_HARUMI
北十間川,ハゼ,35.709381,139.808807,TOKYO_HARUMI
北十間川,ハゼ,35.709375,139.809474,TOKYO_HARUMI
北十間川,ハゼ,35.709436,139.810127,TOKYO_HARUMI
北十間川,ハゼ,35.709485,139.810734,TOKYO_HARUMI
北十間川,ハゼ,35.709541,139.811333,TOKYO_HARUMI
北十間川,ハゼ,35.709714,139.813412,TOKYO_HARUMI
北十間川,ハゼ,35.709664,139.812744,TOKYO_HARUMI
蔵前橋・両国橋周辺,スズキ,35.701431,139.793676,TOKYO_HARUMI
蔵前橋・両国橋周辺,クロダイ,35.704862,139.795114,TOKYO_HARUMI
蔵前橋・両国橋周辺,クロダイ,35.702055,139.79344,TOKYO_HARUMI
蔵前橋・両国橋周辺,クロダイ,35.69909311259,139.79168057442,TOKYO_HARUMI
蔵前橋・両国橋周辺,クロダイ,35.697593281398,139.79028582573,TOKYO_HARUMI
蔵前橋・両国橋周辺,スズキ,35.696923465604,139.79007202918,TOKYO_HARUMI
蔵前橋・両国橋周辺,ハゼ,35.698325760621,139.79095101357,TOKYO_HARUMI
蔵前橋・両国橋周辺,ハゼ,35.69972020664,139.79230284691,TOKYO_HARUMI
蔵前橋・両国橋周辺,ハゼ,35.703921,139.794384,TOKYO_HARUMI
蔵前橋・両国橋周辺,ハゼ,35.703136,139.794062,TOKYO_HARUMI
蔵前橋・両国橋周辺,ウナギ,35.702509,139.794105,TOKYO_HARUMI
蔵前橋・両国橋周辺,ウナギ,35.700539863459,139.79320406914,TOKYO_HARUMI
蔵前橋・両国橋周辺,クロダイ,35.694065,139.788267,TOKYO_HARUMI
蔵前橋・両国橋周辺,クロダイ,35.693905,139.789253,TOKYO_HARUMI
蔵前橋・両国橋周辺,クロダイ,35.693263,139.789268,TOKYO_HARUMI
蔵前橋・両国橋周辺,クロダイ,35.693374337464,139.78816052046,TOKYO_HARUMI
蔵前橋・両国橋周辺,クロダイ,35.696111,139.790118,TOKYO_HARUMI
蔵前橋・両国橋周辺,クロダイ,35.695506540162,139.78975339901,TOKYO_HARUMI
蔵前橋・両国橋周辺,クロダイ,35.694816496764,139.78948028743,TOKYO_HARUMI
蔵前橋・両国橋周辺,クロダイ,35.696542,139.789268,TOKYO_HARUMI
蔵前橋・両国橋周辺,クロダイ,35.695494,139.788676,TOKYO_HARUMI
蔵前橋・両国橋周辺,クロダイ,35.696061,139.788934,TOKYO_HARUMI
蔵前橋・両国橋周辺,スズキ,35.694977,139.788388,TOKYO_HARUMI
蔵前橋・両国橋周辺,スズキ,35.694520917457,139.78902510146,TOKYO_HARUMI
蔵前橋・両国橋周辺,スズキ,35.69462,139.788388,TOKYO_HARUMI
葛西駅周辺,クロダイ,35.662532,139.88659,TOKYO_HARUMI
葛西駅周辺,スズキ,35.661835,139.886939,TOKYO_HARUMI
葛西駅周辺,ハゼ,35.660954,139.886613,TOKYO_HARUMI
葛西駅周辺,クロダイ,35.66001,139.88656,TOKYO_HARUMI
葛西駅周辺,スズキ,35.658932,139.886772,TOKYO_HARUMI
葛西駅周辺,スズキ,35.657773,139.886515,TOKYO_HARUMI
葛西駅周辺,クロダイ,35.656491,139.885953,TOKYO_HARUMI
葛西駅周辺,スズキ,35.653094,139.887178,TOKYO_HARUMI
葛西駅周辺,スズキ,35.651676,139.885297,TOKYO_HARUMI
葛西駅周辺,クロダイ,35.652071,139.886936,TOKYO_HARUMI
新川,テナガエビ,35.675093,139.868778,TOKYO_HARUMI
新川,コイ,35.674675,139.870001,TOKYO_HARUMI
新川,マブナ,35.674343918754,139.87081646919,TOKYO_HARUMI
新川,セイゴ,35.674134,139.871975,TOKYO_HARUMI
新川,クロダイ,35.673962,139.873241,TOKYO_HARUMI
新川,ハゼ,35.673718,139.874808,TOKYO_HARUMI
新川,セイゴ,35.680621,139.861525,TOKYO_HARUMI
新川,セイゴ,35.67844,139.864701,TOKYO_HARUMI
新川,マブナ,35.675823,139.86792,TOKYO_HARUMI
新川,クロダイ,35.679748,139.863306,TOKYO_HARUMI
新川,クロダイ,35.673127,139.878894,TOKYO_HARUMI
新川,セイゴ,35.672934,139.880193,TOKYO_HARUMI
新川,テナガエビ,35.680806,139.860671,TOKYO_HARUMI
清砂大橋,スズキ,35.666192,139.850357,TOKYO_HARUMI
清砂大橋,スズキ,35.670554,139.850614,TOKYO_HARUMI
清砂大橋,クロダイ,35.667300880098,139.85039949417,TOKYO_HARUMI
清砂大橋,クロダイ,35.672085,139.850872,TOKYO_HARUMI
清砂大橋,クロダイ,35.682957,139.855163,TOKYO_HARUMI
清砂大橋,クロダイ,35.680060441514,139.85327482224,TOKYO_HARUMI
清砂大橋,ウナギ,35.681213,139.85409,TOKYO_HARUMI
清砂大橋,ウナギ,35.67891,139.852502,TOKYO_HARUMI
清砂大橋,ウナギ,35.669428048291,139.85061407089,TOKYO_HARUMI
清砂大橋,マゴチ,35.668381,139.850442,TOKYO_HARUMI
清砂大橋,クロダイ,35.677761,139.851859,TOKYO_HARUMI
清砂大橋,マゴチ,35.676470278096,139.85138654709,TOKYO_HARUMI
清砂大橋,スズキ,35.675109383802,139.85121488571,TOKYO_HARUMI
葛西臨海公園,テナガエビ,35.654366,139.8535,TOKYO_HARUMI
葛西臨海公園,ハゼ,35.654139564048,139.85444426537,TOKYO_HARUMI
葛西臨海公園,ハゼ,35.654087,139.857277,TOKYO_HARUMI
葛西臨海公園,クロダイ,35.640645,139.852427,TOKYO_HARUMI
葛西臨海公園,クロダイ,35.636563,139.859465,TOKYO_HARUMI
葛西臨海公園,クロダイ,35.638482,139.858843,TOKYO_HARUMI
葛西臨海公園,セイゴ,35.638806,139.857883,TOKYO_HARUMI
清砂大橋,テナガエビ,35.654942352749,139.84288394451,TOKYO_HARUMI
清砂大橋,ハゼ,35.672202,139.844617,TOKYO_HARUMI
辰巳運河周辺,クロダイ,35.653377282178,139.82107019332,TOKYO_HARUMI
辰巳運河周辺,クロダイ,35.654439,139.822254,TOKYO_HARUMI
辰巳運河周辺,クロダイ,35.651824,139.821328,TOKYO_HARUMI
辰巳運河周辺,クロダイ,35.648792,139.821783,TOKYO_HARUMI
辰巳運河周辺,クロダイ,35.650542,139.821525,TOKYO_HARUMI
辰巳運河周辺,キビレ,35.64942,139.821662,TOKYO_HARUMI
辰巳運河周辺,キビレ,35.653909,139.821601,TOKYO_HARUMI
辰巳運河周辺,セイゴ,35.652396,139.820606,TOKYO_HARUMI
辰巳運河周辺,フッコ,35.649921,139.820992,TOKYO_HARUMI
辰巳運河周辺,フッコ,35.6539,139.820133,TOKYO_HARUMI
辰巳運河周辺,スズキ,35.654598,139.820734,TOKYO_HARUMI
辰巳運河周辺,スズキ,35.651542,139.820369,TOKYO_HARUMI
新木場周辺,スズキ,35.642929,139.824275,TOKYO_HARUMI
新木場周辺,クロダイ,35.642744,139.82379,TOKYO_HARUMI
若洲海浜公園,マゴチ,35.616988,139.830826,TOKYO_HARUMI
若洲海浜公園,タチウオ,35.611672776858,139.83401656151,TOKYO_HARUMI
若洲海浜公園,イナダ,35.612511,139.833201,TOKYO_HARUMI
若洲海浜公園,イナダ,35.616,139.829296,TOKYO_HARUMI
隅田川周辺,ハゼ,35.673669,139.790163,TOKYO_HARUMI
隅田川周辺,ハゼ,35.674693,139.791013,TOKYO_HARUMI
隅田川周辺,ハゼ,35.676913,139.792469,TOKYO_HARUMI
隅田川周辺,ハゼ,35.675717,139.791696,TOKYO_HARUMI
隅田川周辺,ハゼ,35.678107,139.793228,TOKYO_HARUMI
隅田川周辺,ハゼ,35.678551,139.793471,TOKYO_HARUMI
隅田川周辺,クロダイ,35.672892,139.789177,TOKYO_HARUMI
隅田川周辺,ハゼ,35.672571,139.789511,TOKYO_HARUMI
隅田川周辺,クロダイ,35.665699,139.78063,TOKYO_HARUMI
隅田川周辺,クロダイ,35.662647,139.777154,TOKYO_HARUMI
隅田川周辺,クロダイ,35.663675897261,139.77852702141,TOKYO_HARUMI
隅田川周辺,セイゴ,35.664303848628,139.7792994976,TOKYO_HARUMI
隅田川周辺,ハゼ,35.665019,139.780051,TOKYO_HARUMI
隅田川周辺,ハゼ,35.663101,139.777797,TOKYO_HARUMI
隅田川周辺,クロダイ,35.656593,139.779205,TOKYO_HARUMI
隅田川周辺,クロダイ,35.655532,139.777597,TOKYO_HARUMI
隅田川周辺,スズキ,35.656223,139.778158,TOKYO_HARUMI
隅田川周辺,スズキ,35.65514,139.776007,TOKYO_HARUMI
隅田川周辺,クロダイ,35.652415996746,139.77161803156,TOKYO_HARUMI
隅田川周辺,クロダイ,35.653193193208,139.77308979951,TOKYO_HARUMI
隅田川周辺,クロダイ,35.65275531766,139.77244495273,TOKYO_HARUMI
隅田川周辺,ハゼ,35.652965,139.772915,TOKYO_HARUMI
隅田川周辺,クロダイ,35.652965,139.773826,TOKYO_HARUMI
隅田川周辺,スズキ,35.653514,139.774508,TOKYO_HARUMI
隅田川周辺,スズキ,35.652269,139.771808,TOKYO_HARUMI
隅田川周辺,クロダイ,35.652133,139.77265,TOKYO_HARUMI
隅田川周辺,ハゼ,35.652539,139.773188,TOKYO_HARUMI
隅田川周辺,ハゼ,35.653206,139.774251,TOKYO_HARUMI
隅田川周辺,クロダイ,35.656127645332,139.78875696659,TOKYO_HARUMI
隅田川周辺,クロダイ,35.654960211644,139.78700816631,TOKYO_HARUMI
隅田川周辺,クロダイ,35.653809009903,139.78532292229,TOKYO_HARUMI
隅田川周辺,セイゴ,35.655511,139.788418,TOKYO_HARUMI
隅田川周辺,セイゴ,35.65445,139.786643,TOKYO_HARUMI
隅田川周辺,セイゴ,35.653316057366,139.78491325492,TOKYO_HARUMI
隅田川周辺,ハゼ,35.65408,139.785991,TOKYO_HARUMI
隅田川周辺,ハゼ,35.655154,139.787826,TOKYO_HARUMI
隅田川周辺,ハゼ,35.652946,139.785505,TOKYO_HARUMI
辰巳運河周辺,ハゼ,35.661478,139.820038,TOKYO_HARUMI
辰巳運河周辺,ハゼ,35.657754,139.820448,TOKYO_HARUMI
辰巳運河周辺,クロダイ,35.658408,139.820403,TOKYO_HARUMI
辰巳運河周辺,クロダイ,35.659617,139.820372,TOKYO_HARUMI
辰巳運河周辺,クロダイ,35.660629,139.820342,TOKYO_HARUMI
辰巳運河周辺,クロダイ,35.661443,139.819416,TOKYO_HARUMI
辰巳運河周辺,クロダイ,35.661367,139.818491,TOKYO_HARUMI
辰巳運河周辺,セイゴ,35.660109,139.820615,TOKYO_HARUMI
辰巳運河周辺,セイゴ,35.658075,139.820676,TOKYO_HARUMI
辰巳運河周辺,フッコ,35.659013,139.820645,TOKYO_HARUMI
辰巳運河周辺,フッコ,35.661799,139.819705,TOKYO_HARUMI
辰巳運河周辺,スズキ,35.661207,139.820569,TOKYO_HARUMI
辰巳運河周辺,スズキ,35.662033,139.820433,TOKYO_HARUMI
辰巳運河周辺,スズキ,35.661725,139.81887,TOKYO_HARUMI
隅田川周辺,クロダイ,35.657541,139.800156,TOKYO_HARUMI
隅田川周辺,クロダイ,35.661328,139.796165,TOKYO_HARUMI
隅田川周辺,クロダイ,35.659457,139.798204,TOKYO_HARUMI
隅田川周辺,セイゴ,35.65848,139.799105,TOKYO_HARUMI
隅田川周辺,セイゴ,35.660155,139.797431,TOKYO_HARUMI
隅田川周辺,フッコ,35.660941,139.797195,TOKYO_HARUMI
隅田川周辺,ハゼ,35.661726,139.79565,TOKYO_HARUMI
辰巳運河周辺,クロダイ,35.650774594688,139.80562806129,TOKYO_HARUMI
辰巳運河周辺,クロダイ,35.650774,139.801723,TOKYO_HARUMI
辰巳運河周辺,ハゼ,35.650321,139.805328,TOKYO_HARUMI
辰巳運河周辺,ハゼ,35.650391,139.806014,TOKYO_HARUMI
辰巳運河周辺,スズキ,35.651473,139.802603,TOKYO_HARUMI
辰巳運河周辺,スズキ,35.651403,139.805328,TOKYO_HARUMI
辰巳運河周辺,マゴチ,35.653244,139.805063,TOKYO_HARUMI
辰巳運河周辺,ハゼ,35.653797,139.810844,TOKYO_HARUMI
辰巳運河周辺,クロダイ,35.653452,139.807354,TOKYO_HARUMI
辰巳運河周辺,クロダイ,35.652489,139.80573,TOKYO_HARUMI
辰巳運河周辺,セイゴ,35.65297,139.805852,TOKYO_HARUMI
豊洲周辺,クロダイ,35.648249,139.797105,TOKYO_HARUMI
豊洲周辺,クロダイ,35.647311,139.795011,TOKYO_HARUMI
豊洲周辺,セイゴ,35.64852,139.797985,TOKYO_HARUMI
お台場周辺,サバ,35.63687693942,139.77863430977,TOKYO_HARUMI
お台場周辺,サバ,35.636112,139.779278,TOKYO_HARUMI
お台場周辺,クロダイ,35.636493,139.778913,TOKYO_HARUMI
お台場周辺,スズキ,35.635673,139.7796,TOKYO_HARUMI
お台場周辺,ハゼ,35.635149,139.780029,TOKYO_HARUMI
お台場周辺,クロダイ,35.634608,139.780415,TOKYO_HARUMI
お台場周辺,クロダイ,35.633511158212,139.78125214577,TOKYO_HARUMI
お台場周辺,スズキ,35.634086,139.780887,TOKYO_HARUMI
お台場周辺,スズキ,35.63304,139.781703,TOKYO_HARUMI
お台場周辺,スズキ,35.632447,139.782304,TOKYO_HARUMI
お台場周辺,クロダイ,35.631418,139.783012,TOKYO_HARUMI
お台場周辺,ハゼ,35.63201,139.782754,TOKYO_HARUMI
お台場周辺,クロダイ,35.628765,139.783479,TOKYO_HARUMI
お台場周辺,スズキ,35.629627,139.783085,TOKYO_HARUMI
お台場周辺,クロダイ,35.627878,139.784177,TOKYO_HARUMI
お台場周辺,スズキ,35.627355,139.785265,TOKYO_HARUMI
お台場周辺,タチウオ,35.625633,139.793827,TOKYO_HARUMI
お台場周辺,ヒイカ,35.627843,139.792753,TOKYO_HARUMI
芝浦周辺,クロダイ,35.637104,139.760583,TOKYO_HARUMI
芝浦周辺,サッパ,35.637724,139.760583,TOKYO_HARUMI
芝浦周辺,アジ,35.637968,139.760551,TOKYO_HARUMI
芝浦周辺,イワシ,35.638247,139.760551,TOKYO_HARUMI
芝浦周辺,アジ,35.636441,139.760143,TOKYO_HARUMI
芝浦周辺,イワシ,35.636423,139.759639,TOKYO_HARUMI
芝浦周辺,サバ,35.636703,139.761162,TOKYO_HARUMI
芝浦周辺,サバ,35.636127,139.760175,TOKYO_HARUMI
芝浦周辺,クロダイ,35.641003,139.749457,TOKYO_HARUMI
芝浦周辺,スズキ,35.64075,139.749586,TOKYO_HARUMI
芝浦周辺,クロダイ,35.636502,139.750616,TOKYO_HARUMI
芝浦周辺,フッコ,35.64089,139.753416,TOKYO_HARUMI
大井周辺,クロダイ,35.609969,139.752072,TOKYO_HARUMI
大井周辺,クロダイ,35.617074,139.752618,TOKYO_HARUMI
大井周辺,スズキ,35.614507692713,139.75222331628,TOKYO_HARUMI
大井周辺,ハゼ,35.612286,139.752072,TOKYO_HARUMI
大井周辺,スズキ,35.608388,139.751343,TOKYO_HARUMI
大井周辺,キビレ,35.599976,139.748248,TOKYO_HARUMI
大井周辺,アナゴ,35.590279,139.748096,TOKYO_HARUMI
大井周辺,クロダイ,35.577026,139.758558,TOKYO_HARUMI
大井周辺,クロダイ,35.577038678133,139.75998423697,TOKYO_HARUMI
大井周辺,クロダイ,35.576915,139.761547,TOKYO_HARUMI
大井周辺,クロダイ,35.577755,139.763292,TOKYO_HARUMI
大井周辺,クロダイ,35.577384,139.762897,TOKYO_HARUMI
大井周辺,ハゼ,35.577088,139.762336,TOKYO_HARUMI
大井周辺,ハゼ,35.5781,139.764369,TOKYO_HARUMI
大井周辺,ハゼ,35.577878,139.763944,TOKYO_HARUMI
大井周辺,ハゼ,35.577076,139.760773,TOKYO_HARUMI
大井周辺,ハゼ,35.577076,139.759256,TOKYO_HARUMI
大井周辺,スズキ,35.576643,139.758968,TOKYO_HARUMI
大井周辺,スズキ,35.576631,139.762063,TOKYO_HARUMI
大井周辺,スズキ,35.576977,139.762973,TOKYO_HARUMI
大井周辺,カレイ,35.576446,139.760895,TOKYO_HARUMI
京浜島つばさ公園,ハゼ,35.57188396656,139.77160665191,TOKYO_HARUMI
京浜島つばさ公園,ハゼ,35.566128,139.766812,TOKYO_HARUMI
京浜島つばさ公園,クロダイ,35.566905669243,139.76754032397,TOKYO_HARUMI
京浜島つばさ公園,ハゼ,35.567930662406,139.76832931297,TOKYO_HARUMI
京浜島つばさ公園,クロダイ,35.56891820706,139.76927003063,TOKYO_HARUMI
京浜島つばさ公園,ハゼ,35.569931,139.769983,TOKYO_HARUMI
京浜島つばさ公園,メバル,35.571163634077,139.77142457753,TOKYO_HARUMI
京浜島つばさ公園,スズキ,35.570474,139.770848,TOKYO_HARUMI
京浜島つばさ公園,スズキ,35.566437,139.767358,TOKYO_HARUMI
京浜島つばさ公園,スズキ,35.567376,139.768162,TOKYO_HARUMI
京浜島つばさ公園,スズキ,35.568339,139.769058,TOKYO_HARUMI
京浜島つばさ公園,スズキ,35.57237,139.772707,TOKYO_HARUMI
昭和島,クロダイ,35.571189,139.744007,TOKYO_HARUMI
昭和島,ハゼ,35.571053,139.744371,TOKYO_HARUMI
多摩川丸子橋,テナガエビ,35.585747,139.667929,TOKYO_HARUMI
多摩川丸子橋,テナガエビ,35.584214154846,139.66901152886,TOKYO_HARUMI
多摩川丸子橋,テナガエビ,35.582352,139.669742,TOKYO_HARUMI
多摩川丸子橋,スズキ,35.582849005446,139.67002093792,TOKYO_HARUMI
多摩川丸子橋,スズキ,35.584804,139.669142,TOKYO_HARUMI
多摩川丸子橋,スズキ,35.585664,139.668526,TOKYO_HARUMI
多摩川丸子橋,コイ,35.586182181206,139.66816943483,TOKYO_HARUMI
多摩川丸子橋,コイ,35.583870708547,139.66957032681,TOKYO_HARUMI
多摩川丸子橋,コイ,35.583416987367,139.66982781887,TOKYO_HARUMI
多摩川丸子橋,ボラ,35.586641,139.667673,TOKYO_HARUMI
多摩川ガス橋,ハゼ,35.562938,139.679898,TOKYO_HARUMI
多摩川ガス橋,ハゼ,35.563981,139.678768,TOKYO_HARUMI
多摩川ガス橋,ウナギ,35.562315,139.680327,TOKYO_HARUMI
多摩川ガス橋,ウナギ,35.56161,139.681571,TOKYO_HARUMI
多摩川ガス橋,ウナギ,35.562389,139.679447,TOKYO_HARUMI
多摩川ガス橋,コイ,35.562611,139.679887,TOKYO_HARUMI
多摩川ガス橋,コイ,35.562018,139.68022,TOKYO_HARUMI
多摩川ガス橋,コイ,35.563698,139.678673,TOKYO_HARUMI
多摩川ガス橋,コイ,35.564882,139.676973,TOKYO_HARUMI
多摩川ガス橋,スズキ,35.564561,139.677505,TOKYO_HARUMI
多摩川ガス橋,スズキ,35.56167268901,139.68090326217,TOKYO_HARUMI
多摩川ガス橋,スズキ,35.56208,139.680934,TOKYO_HARUMI
多摩川ガス橋,コイ,35.564154,139.677944,TOKYO_HARUMI
多摩川大橋周辺,テナガエビ,35.5467,139.698807,TOKYO_HARUMI
多摩川大橋周辺,テナガエビ,35.555934,139.695666,TOKYO_HARUMI
多摩川大橋周辺,テナガエビ,35.556167433538,139.69424021091,TOKYO_HARUMI
多摩川大橋周辺,テナガエビ,35.556779,139.696004,TOKYO_HARUMI
多摩川大橋周辺,スズキ,35.556501,139.695238,TOKYO_HARUMI
多摩川大橋周辺,クロダイ,35.555711,139.697172,TOKYO_HARUMI
多摩川大橋周辺,ウナギ,35.555908,139.698124,TOKYO_HARUMI
多摩川大橋周辺,ヘラブナ,35.555006,139.699566,TOKYO_HARUMI
多摩川大橋周辺,コイ,35.555601,139.699058,TOKYO_HARUMI
多摩川大橋周辺,コイ,35.552784875047,139.70266115124,TOKYO_HARUMI
多摩川大橋周辺,コイ,35.551945495337,139.70332875732,TOKYO_HARUMI
多摩川大橋周辺,コイ,35.551093032375,139.70363221463,TOKYO_HARUMI
多摩川大橋周辺,ハゼ,35.546416,139.698777,TOKYO_HARUMI
多摩川大橋周辺,スズキ,35.551634,139.704205,TOKYO_HARUMI
多摩川六郷橋周辺,テナガエビ,35.536392,139.70348,TOKYO_HARUMI
多摩川六郷橋周辺,テナガエビ,35.536811,139.707744,TOKYO_HARUMI
多摩川六郷橋周辺,テナガエビ,35.536859671467,139.70910961907,TOKYO_HARUMI
多摩川六郷橋周辺,テナガエビ,35.53628,139.70961,TOKYO_HARUMI
多摩川六郷橋周辺,テナガエビ,35.536786,139.715482,TOKYO_HARUMI
多摩川六郷橋周辺,ハゼ,35.536934,139.709823,TOKYO_HARUMI
多摩川六郷橋周辺,ハゼ,35.536835,139.706879,TOKYO_HARUMI
多摩川六郷橋周辺,ウナギ,35.536417,139.704906,TOKYO_HARUMI
多摩川六郷橋周辺,ウナギ,35.536590791851,139.71142888069,TOKYO_HARUMI
多摩川六郷橋周辺,クロダイ,35.536608224627,139.71355319023,TOKYO_HARUMI
多摩川六郷橋周辺,スズキ,35.53633,139.707352,TOKYO_HARUMI
多摩川六郷橋周辺,スズキ,35.537903019517,139.71705079079,TOKYO_HARUMI
多摩川六郷橋周辺,スズキ,35.536206,139.708745,TOKYO_HARUMI
多摩川河口,スズキ,35.545006384549,139.7530567646,TOKYO_HARUMI
多摩川大師橋,スズキ,35.542021592442,139.74251568317,TOKYO_HARUMI
多摩川大師橋,スズキ,35.544099,139.742044,TOKYO_HARUMI
多摩川大師橋,マゴチ,35.543715,139.74229,TOKYO_HARUMI
多摩川大師橋,ハゼ,35.544615,139.742709,TOKYO_HARUMI
多摩川大師橋,ハゼ,35.544859,139.740745,TOKYO_HARUMI
多摩川河口,クロダイ,35.545634857826,139.75314259529,TOKYO_HARUMI
多摩川河口,ハゼ,35.541568,139.753792,TOKYO_HARUMI
多摩川河口,クロダイ,35.541523750977,139.75531518459,TOKYO_HARUMI
多摩川河口,クロダイ,35.54124427754,139.75675284863,TOKYO_HARUMI
多摩川河口,スズキ,35.541061,139.758191,TOKYO_HARUMI
落合川,カワムツ,35.759173,139.539655,TOKYO_OKUTAMA
落合川,カワムツ,35.760123,139.541157,TOKYO_OKUTAMA
落合川,カワムツ,35.760802,139.543893,TOKYO_OKUTAMA
落合川,オイカワ,35.760428,139.542691,TOKYO_OKUTAMA
落合川,カワムツ,35.755748,139.5326,TOKYO_OKUTAMA
落合川,カワムツ,35.754227,139.529967,TOKYO_OKUTAMA
落合川,オイカワ,35.75509,139.531211,TOKYO_OKUTAMA
落合川,コイ,35.756301,139.534001,TOKYO_OKUTAMA
二子玉川緑地運動場周辺,ウグイ,35.609842,139.625534,TOKYO_HARUMI
二子玉川緑地運動場周辺,アユ,35.609493,139.626607,TOKYO_HARUMI
二子玉川緑地運動場周辺,ヘラブナ,35.608778,139.627492,TOKYO_HARUMI
二子玉川緑地運動場周辺,ニゴイ,35.608192821734,139.62738454342,TOKYO_HARUMI
二子玉川緑地運動場周辺,コイ,35.608027139114,139.6286290884,TOKYO_HARUMI
二子玉川緑地運動場周辺,マブナ,35.607713,139.627739,TOKYO_HARUMI
二子玉川緑地運動場周辺,コイ,35.610117,139.624506,TOKYO_HARUMI
二子玉川緑地運動場周辺,ニゴイ,35.610424719502,139.62403536241,TOKYO_HARUMI
二子玉川緑地運動場周辺,クチボソ,35.610844,139.623671,TOKYO_HARUMI
二子玉川緑地運動場周辺,アユ,35.610598,139.621244,TOKYO_HARUMI
二子玉川緑地運動場周辺,アユ,35.611238885771,139.62222979142,TOKYO_HARUMI
二子玉川緑地運動場周辺,ヘラブナ,35.611549,139.62182,TOKYO_HARUMI
二子玉川緑地運動場周辺,マブナ,35.611153,139.622958,TOKYO_HARUMI
二子玉川緑地運動場周辺,マブナ,35.611848,139.620556,TOKYO_HARUMI
二子玉川緑地運動場周辺,オイカワ,35.612196398852,139.61903214455,TOKYO_HARUMI
二子玉川緑地運動場周辺,ウグイ,35.612302,139.617444,TOKYO_HARUMI
二子玉川緑地運動場周辺,マブナ,35.611167,139.618453,TOKYO_HARUMI
二子玉川緑地運動場周辺,ニゴイ,35.611342,139.617509,TOKYO_HARUMI
二子玉川緑地運動場周辺,コイ,35.611041500176,139.61940763844,TOKYO_HARUMI
二子玉川緑地運動場周辺,コイ,35.616489,139.607209,TOKYO_HARUMI
二子玉川緑地運動場周辺,コイ,35.616018,139.608067,TOKYO_HARUMI
二子玉川緑地運動場周辺,ニゴイ,35.615669,139.608947,TOKYO_HARUMI
二子玉川緑地運動場周辺,マブナ,35.61497,139.608968,TOKYO_HARUMI
二子玉川緑地運動場周辺,マブナ,35.616,139.607359,TOKYO_HARUMI
二子玉川緑地運動場周辺,ヘラブナ,35.61401,139.610106,TOKYO_HARUMI
二子玉川緑地運動場周辺,オイカワ,35.614586,139.60972,TOKYO_HARUMI
二子玉川緑地運動場周辺,ウグイ,35.617065,139.605879,TOKYO_HARUMI
二子玉川緑地運動場周辺,コイ,35.616993432542,139.60517048836,TOKYO_HARUMI
二子玉川緑地運動場周辺,アユ,35.616662,139.606394,TOKYO_HARUMI
二子玉川緑地運動場周辺,マブナ,35.617395,139.604913,TOKYO_HARUMI
二子玉川緑地運動場周辺,アユ,35.617395,139.604183,TOKYO_HARUMI
二子玉川緑地運動場周辺,コイ,35.617762,139.603626,TOKYO_HARUMI
二子玉川緑地運動場周辺,アユ,35.617429491699,139.60293889046,TOKYO_HARUMI
二子玉川緑地運動場周辺,ウグイ,35.617709,139.602166,TOKYO_HARUMI
多摩川水道橋,オイカワ,35.62165,139.574379,TOKYO_HARUMI
多摩川水道橋,オイカワ,35.622896237225,139.57102137048,TOKYO_HARUMI
多摩川水道橋,マブナ,35.621581,139.573327,TOKYO_HARUMI
多摩川水道橋,クチボソ,35.621791,139.572641,TOKYO_HARUMI
多摩川水道橋,マブナ,35.62206862727,139.57293315153,TOKYO_HARUMI
多摩川水道橋,ヘラブナ,35.622541,139.571353,TOKYO_HARUMI
多摩川水道橋,ヘラブナ,35.622384,139.571954,TOKYO_HARUMI
多摩川水道橋,マブナ,35.622735,139.571795,TOKYO_HARUMI
多摩川水道橋,コイ,35.622797,139.572417,TOKYO_HARUMI
多摩川水道橋,ニゴイ,35.622513,139.572766,TOKYO_HARUMI
多摩川水道橋,ニゴイ,35.622044,139.574375,TOKYO_HARUMI
多摩川水道橋,コイ,35.622191,139.573752,TOKYO_HARUMI
多摩川水道橋,アユ,35.623488,139.572068,TOKYO_HARUMI
多摩川水道橋,アユ,35.623537,139.570323,TOKYO_HARUMI
多摩川水道橋,ウグイ,35.624258861327,139.56994235516,TOKYO_HARUMI
多摩川水道橋,アユ,35.624672,139.568928,TOKYO_HARUMI
多摩川水道橋,マブナ,35.626447,139.567911,TOKYO_HARUMI
多摩川水道橋,マブナ,35.625287,139.568199,TOKYO_HARUMI
多摩川水道橋,クチボソ,35.625832,139.567865,TOKYO_HARUMI
多摩川水道橋,クチボソ,35.627091,139.56779,TOKYO_HARUMI
多摩川水道橋,オイカワ,35.625929,139.56911,TOKYO_HARUMI
多摩川水道橋,ニゴイ,35.62646,139.568973,TOKYO_HARUMI
多摩川水道橋,コイ,35.627496,139.568821,TOKYO_HARUMI
多摩川水道橋,ニゴイ,35.628077,139.568579,TOKYO_HARUMI
多摩川水道橋,ニゴイ,35.629471,139.567395,TOKYO_HARUMI
多摩川水道橋,オイカワ,35.628941,139.567456,TOKYO_HARUMI
多摩川水道橋,コイ,35.63,139.567076,TOKYO_HARUMI
多摩川水道橋,ウグイ,35.630582,139.566933,TOKYO_HARUMI
多摩川水道橋,コイ,35.631123,139.566485,TOKYO_HARUMI
多摩川水道橋,オイカワ,35.623989,139.569245,TOKYO_HARUMI
多摩川緑地公園周辺,ニゴイ,35.6362017787,139.55375464958,TOKYO_HARUMI
多摩川緑地公園周辺,オイカワ,35.635919,139.554331,TOKYO_HARUMI
多摩川緑地公園周辺,モロコ,35.635499,139.554316,TOKYO_HARUMI
多摩川緑地公園周辺,オイカワ,35.635845,139.556015,TOKYO_HARUMI
多摩川緑地公園周辺,ニゴイ,35.635350911674,139.55622782665,TOKYO_HARUMI
多摩川緑地公園周辺,アユ,35.635622,139.556653,TOKYO_HARUMI
多摩川緑地公園周辺,マブナ,35.6355,139.553409,TOKYO_HARUMI
多摩川緑地公園周辺,アユ,35.635930165962,139.5531325621,TOKYO_HARUMI
多摩川緑地公園周辺,モロコ,35.63623872321,139.55252564748,TOKYO_HARUMI
多摩川緑地公園周辺,オイカワ,35.636214279972,139.55156975695,TOKYO_HARUMI
多摩川緑地公園周辺,マブナ,35.635536,139.552283,TOKYO_HARUMI
多摩川緑地公園周辺,ウグイ,35.636028598393,139.55070490362,TOKYO_HARUMI
多摩川緑地公園周辺,アユ,35.636905,139.549097,TOKYO_HARUMI
多摩川緑地公園周辺,オイカワ,35.6363,139.549795,TOKYO_HARUMI
多摩川緑地公園周辺,モロコ,35.635769905886,139.55011316187,TOKYO_HARUMI
多摩川緑地公園周辺,ウグイ,35.635844,139.54937,TOKYO_HARUMI
多摩川緑地公園周辺,モロコ,35.634575,139.549574,TOKYO_HARUMI
多摩川緑地公園周辺,ニゴイ,35.634721916853,139.54838345521,TOKYO_HARUMI
多摩川緑地公園周辺,アユ,35.635359389196,139.54781413078,TOKYO_HARUMI
多摩川緑地公園周辺,オイカワ,35.635865,139.548308,TOKYO_HARUMI
多摩川緑地公園周辺,オイカワ,35.634869,139.549036,TOKYO_HARUMI
多摩川緑地公園周辺,クチボソ,35.636436,139.542686,TOKYO_HARUMI
多摩川緑地公園周辺,マブナ,35.636806,139.541654,TOKYO_HARUMI
多摩川緑地公園周辺,クチボソ,35.637545220154,139.54022804002,TOKYO_HARUMI
多摩川緑地公園周辺,オイカワ,35.638015,139.539196,TOKYO_HARUMI
多摩川緑地公園周辺,クチボソ,35.638705,139.537527,TOKYO_HARUMI
多摩川緑地公園周辺,オイカワ,35.639199,139.536283,TOKYO_HARUMI
多摩川緑地公園周辺,アユ,35.639939,139.535798,TOKYO_HARUMI
多摩川緑地公園周辺,ニゴイ,35.63984,139.537922,TOKYO_HARUMI
多摩川緑地公園周辺,ニゴイ,35.639421,139.541108,TOKYO_HARUMI
多摩川緑地公園周辺,マルタウグイ,35.637866,139.542898,TOKYO_HARUMI
多摩川緑地公園周辺,コイ,35.638804,139.542049,TOKYO_HARUMI
多摩川緑地公園周辺,コイ,35.63947,139.539439,TOKYO_HARUMI
多摩川緑地公園周辺,アユ,35.640729,139.532217,TOKYO_HARUMI
多摩川緑地公園周辺,アユ,35.640235,139.533552,TOKYO_HARUMI
多摩川緑地公園周辺,オイカワ,35.640111,139.53252,TOKYO_HARUMI
多摩川緑地公園周辺,マブナ,35.639667,139.534189,TOKYO_HARUMI
北多摩一号水門周辺,コイ,35.65243,139.511453,TOKYO_OKUTAMA
北多摩一号水門周辺,コイ,35.652196,139.513289,TOKYO_OKUTAMA
北多摩一号水門周辺,コイ,35.65118309891,139.51007196991,TOKYO_OKUTAMA
北多摩一号水門周辺,ニゴイ,35.652541,139.513198,TOKYO_OKUTAMA
北多摩一号水門周辺,ニゴイ,35.652108,139.510937,TOKYO_OKUTAMA
北多摩一号水門周辺,オイカワ,35.652664,139.511195,TOKYO_OKUTAMA
北多摩一号水門周辺,オイカワ,35.652343,139.513759,TOKYO_OKUTAMA
北多摩一号水門周辺,オイカワ,35.652182,139.51517,TOKYO_OKUTAMA
北多摩一号水門周辺,モロコ,35.652663,139.510391,TOKYO_OKUTAMA
北多摩一号水門周辺,マブナ,35.651996510656,139.51469969388,TOKYO_OKUTAMA
北多摩一号水門周辺,ヨシノボリ,35.652281,139.514442,TOKYO_OKUTAMA
北多摩一号水門周辺,アユ,35.651911,139.51033,TOKYO_OKUTAMA
北多摩一号水門周辺,アユ,35.650936455148,139.50759879284,TOKYO_OKUTAMA
北多摩一号水門周辺,ニゴイ,35.651393,139.509071,TOKYO_OKUTAMA
北多摩一号水門周辺,ニゴイ,35.650714279392,139.50635461787,TOKYO_OKUTAMA
北多摩一号水門周辺,コイ,35.651085,139.506825,TOKYO_OKUTAMA
北多摩一号水門周辺,オイカワ,35.650726638594,139.50532286302,TOKYO_OKUTAMA
北多摩一号水門周辺,モロコ,35.650554,139.505839,TOKYO_OKUTAMA
北多摩一号水門周辺,アユ,35.65129393158,139.5046704298,TOKYO_OKUTAMA
北多摩一号水門周辺,アユ,35.651047,139.505171,TOKYO_OKUTAMA
北多摩一号水門周辺,アユ,35.651023,139.508509,TOKYO_OKUTAMA
府中郷土の森公園周辺,ヨシノボリ,35.653058,139.477177,TOKYO_OKUTAMA
府中郷土の森公園周辺,オイカワ,35.652824,139.475387,TOKYO_OKUTAMA
府中郷土の森公園周辺,オイカワ,35.652676203078,139.47391503151,TOKYO_OKUTAMA
府中郷土の森公園周辺,オイカワ,35.652416,139.47258,TOKYO_OKUTAMA
府中郷土の森公園周辺,ニゴイ,35.652773496513,139.47634268998,TOKYO_OKUTAMA
府中郷土の森公園周辺,モロコ,35.652736,139.477238,TOKYO_OKUTAMA
府中郷土の森公園周辺,コイ,35.652601,139.474719,TOKYO_OKUTAMA
府中郷土の森公園周辺,ニゴイ,35.652441,139.473369,TOKYO_OKUTAMA
府中郷土の森公園周辺,コイ,35.652096,139.471578,TOKYO_OKUTAMA
府中郷土の森公園周辺,オイカワ,35.651837,139.470289,TOKYO_OKUTAMA
府中郷土の森公園周辺,ニゴイ,35.651848,139.472155,TOKYO_OKUTAMA
府中郷土の森公園周辺,アユ,35.652145,139.472732,TOKYO_OKUTAMA
府中郷土の森公園周辺,アユ,35.652293,139.474006,TOKYO_OKUTAMA
多摩川河口,ウナギ,35.540536,139.759151,TOKYO_HARUMI
多摩川河口,ウナギ,35.543401,139.763657,TOKYO_HARUMI
多摩川河口,ウナギ,35.54382,139.762005,TOKYO_HARUMI
多摩川河口,テナガエビ,35.542032521524,139.76699410081,TOKYO_HARUMI
多摩川河口,テナガエビ,35.546106435797,139.75258469582,TOKYO_HARUMI
多摩川河口,テナガエビ,35.545792,139.75413,TOKYO_HARUMI
多摩川河口,スズキ,35.545147,139.757606,TOKYO_HARUMI
多摩川河口,スズキ,35.544728,139.759859,TOKYO_HARUMI
多摩川河口,スズキ,35.541340592684,139.7666906435,TOKYO_HARUMI
多摩川河口,スズキ,35.537533,139.766768,TOKYO_HARUMI
多摩川河口,スズキ,35.540119,139.762605,TOKYO_HARUMI
多摩川河口,スズキ,35.53924453249,139.76374268532,TOKYO_HARUMI
多摩川河口,キビレ,35.542155801425,139.7658106173,TOKYO_HARUMI
多摩川河口,キビレ,35.538699,139.765492,TOKYO_HARUMI
多摩川河口,キビレ,35.544138,139.760696,TOKYO_HARUMI
多摩川河口,テナガエビ,35.548218620673,139.75260615349,TOKYO_HARUMI
多摩川河口,ハゼ,35.545654,139.752327,TOKYO_HARUMI
多摩川河口,クロダイ,35.540506,139.760914,TOKYO_HARUMI
多摩川大師橋,スズキ,35.542247948361,139.73973155022,TOKYO_HARUMI
多摩川大師橋,クロダイ,35.541777118391,139.73821341991,TOKYO_HARUMI
多摩川大師橋,ハゼ,35.541585,139.737183,TOKYO_HARUMI
多摩川大師橋,キビレ,35.542144,139.7375,TOKYO_HARUMI
多摩川六郷橋周辺,クロダイ,35.543125,139.72286,TOKYO_HARUMI
多摩川六郷橋周辺,キビレ,35.543453,139.723725,TOKYO_HARUMI
多摩川六郷橋周辺,スズキ,35.542616,139.723923,TOKYO_HARUMI
多摩川六郷橋周辺,キビレ,35.537379,139.715935,TOKYO_HARUMI
多摩川六郷橋周辺,ハゼ,35.537938,139.718188,TOKYO_HARUMI
多摩川六郷橋周辺,クロダイ,35.537167,139.716772,TOKYO_HARUMI