name,zoom,individualId,lat,lng,areaId,URL,notes,icon,whether,type
TOKYO,9.5,parent,35.67517,139.514,,130000,東京都,,,
臨海都心エリア,10.5,HARUMI,35.65,139.705,TOKYO,x:1;y:0,「釣りを始めてみたいけど、遠くの海まで行くのは大変そう…」そんな初心者さんにぴったり！都心部というと高層ビルが立ち並び「釣り場なんて無さそう」というイメージを持たれがちですが、実は東京湾に面した臨海エリアには、電車でサクッとアクセスできる釣りスポットがたくさんあります。綺麗に整備された海浜公園の護岸など、足場が良く安全に楽しめる場所が多く、江戸前ならではの小物釣りをのんびりと満喫できます。特におすすめなのが、夏から秋にかけての「ハゼ釣り」。簡単な仕掛けでピクピクッというアタリが分かりやすく、お子様や初めての方でも釣果を上げやすいのが特徴です。,,,
奥多摩八王子エリア,10,OKUTAMA,35.713,139.255,TOKYO,x:0;y:0,都会の喧騒から離れ緑豊かな清流が広がるエリア。最大の魅力はマイナスイオンたっぷりの大自然の中、初心者でも気軽に「手ぶら」で訪れることができるマス釣り堀が充実していること！面倒な事前準備は一切不要で、レンタル竿とエサですぐに釣りが始められます。澄み切った川のせせらぎを聞きながらのんびり糸を垂らせば、日々の疲れも吹き飛びます。釣ったばかりの新鮮な魚をその場で調理して味わえる施設が多いのも嬉しいポイント。美しい自然と触れ合いながら、心も体も満たされる癒しの休日を過ごせます。,,,
葛西臨海公園,14,1,35.649556,139.860463,TOKYO_HARUMI,,First/1314/1218,spot,,assistant
お台場周辺,14,2,35.61886,139.779782,TOKYO_HARUMI,,Second//,spot,,
大井周辺,14,3,35.592693,139.751973,TOKYO_HARUMI,,,spot,,
新川,14.5,4,35.675076,139.869403,TOKYO_HARUMI,,,spot,,
隅田川周辺,14.5,5,35.664722,139.780794,TOKYO_HARUMI,,Second//,spot,,representative
豊洲周辺,14,6,35.648998,139.781070,TOKYO_HARUMI,,,spot,,
新木場周辺,14.5,7,35.641838,139.832078,TOKYO_HARUMI,,,spot,,
江東区周辺,14.5,8,35.674925,139.813021,TOKYO_HARUMI,,,spot,,
芝浦周辺,14.5,9,35.639477,139.752208,TOKYO_HARUMI,,First/1314/,spot,,
清砂大橋,15,10,35.663225,139.845765,TOKYO_HARUMI,,,spot,,
辰巳運河周辺,15,11,35.6498,139.8086,TOKYO_HARUMI,,Second/葛西臨海公園/芝浦周辺,spot,,
奥多摩 釣り堀cafe二見,,12,35.802052,139.110579,TOKYO_OKUTAMA,,東京都西多摩郡奥多摩町海澤782,fish3,,
若洲海浜公園,15.5,13,35.613375,139.831031,TOKYO_HARUMI,,Second/葛西臨海公園/昭和島,fish1,,
城南島海浜公園,16,14,35.581993,139.784578,TOKYO_HARUMI,,Second//,spot,,assistant
浮間公園,16.5,L44,35.79437,139.693633,TOKYO_HARUMI,,,spot,,
昭和島,16.5,16,35.569388,139.746389,TOKYO_HARUMI,,First/1314/1403,spot,,
清水池公園,18,L45,35.624011,139.692436,TOKYO_HARUMI,,,fish4,,
釣船茶屋 ざうお目黒店,,18,35.634132,139.714728,TOKYO_HARUMI,,東京都品川区上大崎2丁目27-1 サンフェリスタ目黒 5F,fish1,,
釣船茶屋 ざうお新宿店,,19,35.686596,139.693201,TOKYO_HARUMI,,東京都新宿区西新宿3丁目2-9 新宿ワシントンホテル 1階,fish1,,
寿々木園,,20,35.704213,139.634361,TOKYO_HARUMI,,東京都杉並区阿佐谷南3丁目38-33,fish4,,
釣船茶屋 ざうお渋谷店,,21,35.662636,139.69993,TOKYO_HARUMI,,東京都渋谷区神南1丁目19-3 ハイマンテン神南ビル B1F,fish1,,
調布へら鮒釣り園,,22,35.652877,139.564457,TOKYO_HARUMI,,東京都調布市菊野台2丁目4-5,fish4,,
あらかわ遊園釣り堀,,23,35.753204,139.759513,TOKYO_HARUMI,,東京都荒川区西尾久6丁目35-11,fish4,,
板橋区立氷川つり堀公園,,24,35.7563,139.706571,TOKYO_HARUMI,,東京都板橋区大和町2-15,fish4,,
浮間つり堀公園,,25,35.783742,139.69433,TOKYO_HARUMI,,東京都北区浮間5丁目4-19,fish4,,
みんなのぬまぼり,,26,35.717389,139.660244,TOKYO_HARUMI,,東京都中野区沼袋3丁目13-13,fish4,,
ワンコインつり堀,,27,35.739546,139.657305,TOKYO_HARUMI,,東京都練馬区桜台4丁目21-1 2F,fish4,,
釣り堀カフェ キャッチ＆イート 練馬店,,28,35.739824,139.654795,TOKYO_HARUMI,,東京都練馬区練馬1丁目35-1-106,fish6,,
保谷ﾌｨｯｼﾝｸﾞｾﾝﾀｰ,,29,35.740487,139.567215,TOKYO_HARUMI,,東京都西東京市東町5丁目2-10,fish4,,
弁天フィッシングセンター,,30,35.752324,139.51726,TOKYO_HARUMI,,東京都東久留米市中央町5丁目9-3,fish4,,
行船公園釣り堀,,31,35.672369,139.858706,TOKYO_HARUMI,,東京都江戸川区北葛西3丁目2-1,fish4,,
西沼公園,,32,35.766816,139.836696,TOKYO_HARUMI,,東京都足立区東和1丁目15-15,fish4,,
元渕江公園,,33,35.792856,139.806337,TOKYO_HARUMI,,東京都足立区保木間2丁目17-1,fish4,,
多摩川ガス橋,16,L01,35.563322,139.678663,TOKYO_HARUMI,,,spot,,
六郷水門,16,L02,35.544083,139.723381,TOKYO_HARUMI,,,spot,,
多摩川ひょうたん池,18,L03,35.54431,139.699603,TOKYO_HARUMI,,,fish4,,
舎人公園,15,L04,35.798039,139.773329,TOKYO_HARUMI,,東京都足立区舎人公園1丁目1,fish4,,
市ヶ谷フィッシュセンター,17,L05,35.69209,139.735896,TOKYO_HARUMI,,東京都新宿区市谷田町1丁目1,fish4,,substitute
つり堀 武蔵野園,17.5,L06,35.685865,139.639607,TOKYO_HARUMI,,東京都杉並区大宮2丁目22-3,fish4,,
弁慶橋ﾎﾞｰﾄ場&ﾌｨｯｼﾝｸﾞｸﾗﾌﾞ,18,L07,35.678978,139.735834,TOKYO_HARUMI,,東京都千代田区紀尾井町4-26,fish4,,
大横川親水公園魚つり場,18,L08,35.707458,139.807819,TOKYO_HARUMI,,東京都墨田区業平1丁目16,fish4,,
墨田区立隅田公園 魚つり場,18,L09,35.713678,139.805046,TOKYO_HARUMI,,東京都墨田区向島2丁目1-1,fish4,,
釣り堀 ひょうたん池,18,L10,35.715313,139.666907,TOKYO_HARUMI,,東京都中野区新井4丁目15-15,fish4,,
石神井公園,18,L11,35.737768,139.595311,TOKYO_HARUMI,,東京都練馬区石神井台1丁目26-1,fish4,,
多摩湖駅前フィッシングエリア,18,L12,35.769307,139.443932,TOKYO_OKUTAMA,,埼玉県所沢市山口2964,fish3,,assistant
浅川国際マス釣場,18,L13,35.639878,139.244608,TOKYO_OKUTAMA,,東京都八王子市裏高尾町1277,fish3,,assistant
秋川国際マス釣場,18,L14,35.736407,139.186643,TOKYO_OKUTAMA,,東京都あきる野市養沢1311,fish3,,
養沢フィッシングランド,18,L15,35.750562,139.182012,TOKYO_OKUTAMA,,東京都あきる野市養沢459,fish3,,
北浅川恩方ます釣場,18,L16,35.674463,139.22239,TOKYO_OKUTAMA,,東京都八王子市上恩方町1353,fish3,,
釣り堀 八庵,18,L17,35.667173,139.237635,TOKYO_OKUTAMA,,東京都八王子市上恩方町327,fish3,,
辻野養魚場,18,L18,35.656987,139.184104,TOKYO_OKUTAMA,,東京都八王子市上恩方町3676,fish3,,
つりぼり入山,18,L19,35.689383,139.220169,TOKYO_OKUTAMA,,東京都八王子市小津町1165,fish3,,
境渓谷キャンプ場つり堀,18,L20,35.800268,139.081585,TOKYO_OKUTAMA,,東京都西多摩郡奥多摩町境118,fish3,,
氷川国際ます釣場,18,L21,35.813503,139.095462,TOKYO_OKUTAMA,,東京都西多摩郡奥多摩町氷川397-1,fish3,,
神戸国際マス釣場,18,L22,35.745816,139.122901,TOKYO_OKUTAMA,,東京都西多摩郡檜原村3387,fish3,,
神戸園,18,L23,35.750396,139.115761,TOKYO_OKUTAMA,,東京都西多摩郡檜原村3617,fish3,,
トラウトファーム秋川,18,L24,35.732836,139.110547,TOKYO_OKUTAMA,,東京都西多摩郡檜原村樋里4426,fish3,,
峰谷川渓流釣場,18,L25,35.79436,139.004251,TOKYO_OKUTAMA,,東京都西多摩郡奥多摩町川野529,fish3,,representative
TOKYOトラウトカントリー,18,L26,35.824995,139.07615,TOKYO_OKUTAMA,,東京都西多摩郡奥多摩町日原68,fish3,,
大丹波川国際ます釣り場,18,L27,35.827705,139.16513,TOKYO_OKUTAMA,,東京都西多摩郡奥多摩町大丹波114,fish3,,
奥多摩フィッシングセンター,18,L28,35.805032,139.17569,TOKYO_OKUTAMA,,東京都青梅市御岳2丁目333,fish3,,substitute
みたけやまめの牧場,18,L29,35.802813,139.173944,TOKYO_OKUTAMA,,東京都青梅市御岳2丁目299 やまめの牧場,fish3,,
高水山源流の釣り堀,18,L30,35.821485,139.20039,TOKYO_OKUTAMA,,東京都青梅市二俣尾5丁目1638,fish3,,
さかな園,18,L31,35.764661,139.208196,TOKYO_OKUTAMA,,東京都西多摩郡日の出町大久野3882,fish3,,
養沢毛鉤専用釣場,18,L32,35.742463,139.189581,TOKYO_OKUTAMA,,東京都あきる野市養沢103-1,fish3,,
多摩川養殖つり堀場,18,L33,35.771891,139.294788,TOKYO_OKUTAMA,,東京都羽村市羽西2丁目3-6,fish3,,
郷土の森公園 釣り堀,18,L34,35.657191,139.474882,TOKYO_OKUTAMA,,東京都府中市矢崎町4丁目10-3,fish4,,
府中へら鮒センター,18,L35,35.659249,139.466975,TOKYO_OKUTAMA,,東京都府中市南町2丁目19-5,fish4,,
常盤つり堀センター,18,L36,35.588552,139.395392,TOKYO_OKUTAMA,,東京都町田市常盤町2970,fish4,,
森屋荘,18,L37,35.684678,139.273303,TOKYO_OKUTAMA,,東京都八王子市西寺方町887,fish4,,
恩方国際釣堀場,18,L38,35.683562,139.273089,TOKYO_OKUTAMA,,東京都八王子市西寺方町923,fish6,,
くじら池,18,L39,35.720678,139.327253,TOKYO_OKUTAMA,,,fish6,,
奥多摩湖,12.5,L40,35.777519,139.01775,TOKYO_OKUTAMA,,,fish6,,special
平井川,17,L41,35.740556,139.284706,TOKYO_OKUTAMA,,秋川漁業組合コンビニ発券対応,fish6,,
多摩川日野,14.5,L42,35.687843,139.395039,TOKYO_OKUTAMA,,奥多摩漁業協同組合,fish6,,
多摩川是政橋,14.5,L43,35.654606,139.484498,TOKYO_OKUTAMA,,奥多摩漁業協同組合,fish6,,
新葛飾橋周辺,16.5,L46,35.766773,139.879653,TOKYO_HARUMI,,,spot,,
平井大橋周辺,15,L47,35.719792,139.846966,TOKYO_HARUMI,,,spot,,
浮間橋周辺,16.5,L48,35.787687,139.706864,TOKYO_HARUMI,,,spot,,
綾瀬川,17,L49,35.759842,139.819946,TOKYO_HARUMI,,,spot,,
