group,name,lat,lng,notes,icon,areaId
上州屋,奥戸店,35.73081,139.86899,東京都葛飾区奥戸6-2-1,shop2,TOKYO_HARUMI
上州屋,東陽町店,35.67616,139.81668,東京都江東区東陽7-5-4,shop2,TOKYO_HARUMI
上州屋,新橋駅前店,35.66631,139.7574,東京都港区新橋2-16-1ニュー新橋ビル2F,shop2,TOKYO_HARUMI
上州屋,三鷹東八店,35.68098,139.56747,東京都三鷹市新川6-23-24,shop2,TOKYO_OKUTAMA
上州屋,渋谷東口店,35.66074,139.703,東京都渋谷区渋谷1-15-21ポーラ渋谷ビルB1F,shop2,TOKYO_HARUMI
上州屋,新宿店,35.69669,139.70126,東京都新宿区歌舞伎町2-44-1東京都健康プラザハイジアB1F,shop2,TOKYO_HARUMI
上州屋,青梅河辺店,35.78345,139.29256,東京都青梅市河辺町8-2-8,shop2,TOKYO_OKUTAMA
上州屋,神田駅前店,35.69192,139.77194,東京都千代田区鍛冶町2-6-1堀内ビルB1F,shop2,TOKYO_HARUMI
上州屋,足立入谷店,35.80217,139.77077,東京都足立区入谷1-1,shop2,TOKYO_HARUMI
上州屋,足立平野店,35.78125,139.80357,東京都足立区平野1-4-3,shop2,TOKYO_HARUMI
上州屋,蒲田店,35.55894,139.71896,東京都大田区蒲田4-42-3イースタンコーポ蒲田1F,shop2,TOKYO_HARUMI
上州屋,東大和店,35.74726,139.41809,東京都東大和市蔵敷3-887,shop2,TOKYO_OKUTAMA
上州屋,八王子店,35.6834661,139.3450517,東京都八王子市左入町194-1,shop2,TOKYO_OKUTAMA
上州屋,池袋店,35.73281,139.7137,東京都豊島区東池袋1-43-6 D-BOX 2F,shop2,TOKYO_HARUMI
上州屋,練馬光が丘店,35.75791,139.62102,東京都練馬区高松5-12-1,shop2,TOKYO_HARUMI
タックルベリー,羽村店,35.77121,139.30818,東京都羽村市栄町2-10-30,shop2,TOKYO_OKUTAMA
タックルベリー,葛飾青戸店,35.74696,139.84485,東京都葛飾区白鳥2-14-12 白鳥ｻﾝｹｲｺｰﾎﾟ1F,shop2,TOKYO_HARUMI
タックルベリー,葛西店,35.65382,139.8728,東京都江戸川区南葛西2-2-3,shop2,TOKYO_HARUMI
タックルベリー,門前仲町永代通り店,35.67155,139.79623,東京都江東区富岡1-7-7,shop2,TOKYO_HARUMI
タックルベリー,国立店,35.68243,139.43968,東京都国立市谷保7174-1,shop2,TOKYO_OKUTAMA
タックルベリー,渋谷ファイヤー通り店,35.66241,139.70108,東京都渋谷区神南一丁目11番5号 ダイネス壱番館渋谷Ｂ2Ｆ,shop2,TOKYO_HARUMI
タックルベリー,きぬた世田谷通り店,35.63482,139.60988,東京都世田谷区砧5-1-4 ﾒｿﾞﾝﾄﾞｰﾙ2F,shop2,TOKYO_HARUMI
タックルベリー,神田南口店,35.68993,139.77168,東京都千代田区鍛冶町1-5-1,shop2,TOKYO_HARUMI
タックルベリー,西新井店,35.78259,139.77235,東京都足立区西新井7-23-8 吉田ビル2F,shop2,TOKYO_HARUMI
タックルベリー,足立環七店,35.77888,139.79723,東京都足立区島根3-1-4,shop2,TOKYO_HARUMI
タックルベリー,蒲田店,35.56137,139.71986,東京都大田区蒲田5-29-3 酒巻ﾋﾞﾙ1F,shop2,TOKYO_HARUMI
タックルベリー,町田鶴川店,35.5883799,139.454058,東京都町田市野津田町923,shop2,TOKYO_OKUTAMA
タックルベリー,BiG Berry多摩東久留米店,35.74794,139.51509,東京都東久留米市前沢1丁目5-27 サニーヒルズ前沢1F,shop2,TOKYO_HARUMI
タックルベリー,多摩ニュータウン店,35.62342,139.39197,東京都八王子市松木51-6,shop2,TOKYO_OKUTAMA
タックルベリー,八王子めじろ台店,35.63852,139.30852,東京都八王子市椚田町592-10,shop2,TOKYO_OKUTAMA
タックルベリー,いたばし川越街道店,35.75931,139.68002,東京都板橋区東新町1-21-10 2階,shop2,TOKYO_HARUMI
タックルベリー,池袋東店,35.73351,139.71434,東京都豊島区東池袋1-44-8 パークサイドビル地下1階,shop2,TOKYO_HARUMI
セリア,ＳＯＣＯＬＡ若葉台店,35.6167851,139.4630241,東京都稲城市坂浜４－２５－１ＳＯＣＯＬＡ若葉台　３Ｆ,shop4,TOKYO_OKUTAMA
セリア,イオンタウン稲城長沼店,35.6458732,139.4964033,東京都稲城市東長沼１２１２－１イオンタウン稲城長沼内,shop4,TOKYO_OKUTAMA
セリア,西友羽村店,35.75793,139.31688,東京都羽村市五ノ神１－８－１４西友羽村店　３Ｆ,shop4,TOKYO_OKUTAMA
セリア,イトーヨーカドー四つ木店,35.73731,139.83873,東京都葛飾区四つ木２－２１－１イトーヨーカドー四つ木店　３Ｆ,shop4,TOKYO_HARUMI
セリア,いなげや金町店,35.76947,139.8616,東京都葛飾区新宿６－２－８いなげや金町店　２Ｆ,shop4,TOKYO_HARUMI
セリア,MARK　IS　葛飾かなまち店,35.76988,139.86743,東京都葛飾区東金町１－１０－１ＭＡＲＫ　ＩＳ　葛飾かなまち ３Ｆ,shop4,TOKYO_HARUMI
セリア,マルエツ松江店,35.69807,139.86911,東京都江戸川区松江１－１５－１６マルエツ松江店　２Ｆ,shop4,TOKYO_HARUMI
セリア,ラパーク瑞江店,35.69284,139.89702,東京都江戸川区瑞江２－１－２ラパーク瑞江　４Ｆ,shop4,TOKYO_HARUMI
セリア,イオン葛西店,35.66868,139.85797,東京都江戸川区西葛西３－９－１９イオン葛西店　４Ｆ,shop4,TOKYO_HARUMI
セリア,イオン船堀店,35.68566,139.85841,東京都江戸川区船堀１－１－５１イオン船堀　２Ｆ,shop4,TOKYO_HARUMI
セリア,アリオ葛西店,35.65335,139.88069,東京都江戸川区東葛西９－３－３アリオ葛西　２Ｆ,shop4,TOKYO_HARUMI
セリア,南小岩店,35.72937,139.88116,東京都江戸川区南小岩６－２７－１６Ｔｈｅ　Ｄｏｍｅ　池田ビル　２Ｆ,shop4,TOKYO_HARUMI
セリア,西友平井店,35.70665,139.84174,東京都江戸川区平井５－１５－５西友平井店　３Ｆ,shop4,TOKYO_HARUMI
セリア,カメイドクロック店,35.69574,139.82907,東京都江東区亀戸６－３１－６カメイドクロック　４Ｆ,shop4,TOKYO_HARUMI
セリア,サンドラッグ東大島店,35.68934,139.84319,東京都江東区大島８－３３－１９サンドラッグ東大島店　２Ｆ,shop4,TOKYO_HARUMI
セリア,東砂店,35.68478,139.83955,東京都江東区東砂１－３－３８,shop4,TOKYO_HARUMI
セリア,西友東陽町店,35.67403,139.81653,東京都江東区東陽４－１２－３０西友東陽町店　２Ｆ,shop4,TOKYO_HARUMI
セリア,豊洲店,35.65705,139.79845,東京都江東区豊洲３－４－８スーパービバホーム豊洲　２Ｆ,shop4,TOKYO_HARUMI
セリア,赤札堂砂町店,35.67956,139.8327,東京都江東区北砂４－２５－２赤札堂砂町店　３Ｆ,shop4,TOKYO_HARUMI
セリア,ｍｉｎａｍｏｎｉ有明店,35.63655,139.78593,東京都江東区有明１－４－３４ｍｉｎａｍｏｎｉ有明　２Ｆ,shop4,TOKYO_HARUMI
セリア,ウィング高輪ＷＥＳＴ店,35.62857,139.73698,東京都港区高輪４－１０－１８ウィング高輪ＷＥＳＴ　２Ｆ,shop4,TOKYO_HARUMI
セリア,田町センタービル店,35.64587,139.7467,東京都港区芝５－３４－７田町センタービル　Ｂ１Ｆ,shop4,TOKYO_HARUMI
セリア,アクアシティお台場店,35.6278,139.77359,東京都港区台場１－７－１アクアシティお台場　４Ｆ,shop4,TOKYO_HARUMI
セリア,いなげや荒川東日暮里店,35.72685,139.77823,東京都荒川区東日暮里５－７－６いなげや荒川東日暮里店　２Ｆ,shop4,TOKYO_HARUMI
セリア,ミーツ国分寺店,35.70069,139.48045,東京都国分寺市本町３－１－１ミーツ国分寺　３Ｆ,shop4,TOKYO_OKUTAMA
セリア,Ｏｄａｋｙｕ　ＯＸ狛江店,35.63324,139.57796,東京都狛江市元和泉１－２－１Ｏｄａｋｙｕ　ＯＸ狛江店　２Ｆ,shop4,TOKYO_OKUTAMA
セリア,いなげや三鷹牟礼店,35.68859,139.57654,東京都三鷹市牟礼６－２－２０いなげや三鷹牟礼店　２Ｆ,shop4,TOKYO_OKUTAMA
セリア,代官山アドレス・ディセ店,35.64916,139.70331,東京都渋谷区代官山町１７－６代官山アドレス・ディセ　３Ｆ,shop4,TOKYO_HARUMI
セリア,ﾋﾟｰｺｯｸｽﾄｱ東小金井店,35.70104,139.52144,東京都小金井市中町２－２３－２３ピーコックストア東小金井店　２Ｆ,shop4,TOKYO_HARUMI
セリア,SOCOLA武蔵小金井クロス店,35.69944,139.50548,東京都小金井市本町６－２－３０ＳＯＣＯＬＡ武蔵小金井クロス　３Ｆ,shop4,TOKYO_HARUMI
セリア,トライアル西友花小金井店,35.72786,139.51178,東京都小平市花小金井１－２－２３トライアル西友花小金井店　２Ｆ,shop4,TOKYO_OKUTAMA
セリア,アクロスプラザ小平店,35.7152,139.47829,東京都小平市上水本町４－２２－１アクロスプラザ小平　２Ｆ,shop4,TOKYO_OKUTAMA
セリア,西友小平店,35.73639,139.48883,東京都小平市美園町１－３３－２西友小平店　４Ｆ,shop4,TOKYO_OKUTAMA
セリア,イトーヨーカドー昭島店,35.71405,139.3600464,東京都昭島市代官山２－３－１イトーヨーカドー昭島店　３Ｆ,shop4,TOKYO_OKUTAMA
セリア,ＴＡＩＲＡＹＡ昭島店,35.7152,139.38112,東京都昭島市中神町１１４９－１ＴＡＩＲＡＹＡ昭島店　１Ｆ,shop4,TOKYO_OKUTAMA
セリア,アクロスプラザ昭島店,35.72303,139.37399,東京都昭島市武蔵野２－１１－４０アクロスプラザ昭島内,shop4,TOKYO_OKUTAMA
セリア,ﾋﾟｰｺｯｸｽﾄｱ高田馬場店,35.71183,139.70471,東京都新宿区高田馬場１－２８－７ピーコックストア　Ｂ１Ｆ,shop4,TOKYO_HARUMI
セリア,新宿マルイアネックス店,35.69008,139.7047,東京都新宿区新宿３－１－２６新宿マルイアネックス店　４Ｆ,shop4,TOKYO_HARUMI
セリア,サミットストア高井戸東店,35.68668,139.62367,東京都杉並区高井戸東４－１－１３サミットストア高井戸東店　３Ｆ,shop4,TOKYO_HARUMI
セリア,西荻高架下店,35.70369,139.59586,東京都杉並区松庵３－４１－１西荻高架下　２Ｆ,shop4,TOKYO_HARUMI
セリア,Odakyu　OX　祖師谷店,35.64267,139.60858,東京都世田谷区砧８－１０－１Ｏｄａｋｙｕ　ＯＸ　祖師谷店　Ｂ１Ｆ,shop4,TOKYO_HARUMI
セリア,マルエツ中里店,35.63945,139.66754,東京都世田谷区上馬２－２６－２０マルエツ中里店　２Ｆ,shop4,TOKYO_HARUMI
セリア,ＳＯＣＯＬＡ用賀店,35.63429,139.6234,東京都世田谷区上用賀６－６－６ＳＯＣＯＬＡ用賀　２Ｆ,shop4,TOKYO_HARUMI
セリア,ビッグ・エー世田谷船橋店,35.65824,139.62141,東京都世田谷区船橋６－２６－８ビッグ・エー世田谷船橋店　１Ｆ,shop4,TOKYO_HARUMI
セリア,西友三軒茶屋店,35.64465,139.67021,東京都世田谷区太子堂４－２４－８西友三軒茶屋店　５Ｆ,shop4,TOKYO_HARUMI
セリア,西友清瀬店,35.77325,139.52049,東京都清瀬市元町１－４－５西友清瀬店　３Ｆ,shop4,TOKYO_HARUMI
セリア,西友ひばりヶ丘店,35.75069,139.54538,東京都西東京市住吉町３－９－８西友ひばりヶ丘店　３Ｆ,shop4,TOKYO_HARUMI
セリア,フレスポひばりが丘店,35.74469,139.54243,東京都西東京市谷戸町２－３－７フレスポひばりが丘　２Ｆ,shop4,TOKYO_HARUMI
セリア,ＬＩＶＩＮ田無店,35.72832,139.54041,東京都西東京市田無町２－１－１ＬＩＶＩＮ田無　５Ｆ,shop4,TOKYO_HARUMI
セリア,西友河辺店,35.78596,139.28471,東京都青梅市河辺町１０－９－１西友河辺店　３Ｆ,shop4,TOKYO_OKUTAMA
セリア,ノジマ青梅インター店,35.79347,139.31699,東京都青梅市新町６－１６－１５ノジマ青梅インター店　１Ｆ,shop4,TOKYO_OKUTAMA
セリア,青梅千ヶ瀬店,35.7858,139.27162,東京都青梅市千ケ瀬町４－２８９－２,shop4,TOKYO_OKUTAMA
セリア,西友加賀鹿浜店,35.78908,139.76054,東京都足立区加賀１－３西友加賀鹿浜店　２Ｆ,shop4,TOKYO_HARUMI
セリア,オリンピック関原店,35.76906,139.78975,東京都足立区関原２－１５－４オリンピック関原店　２Ｆ,shop4,TOKYO_HARUMI
セリア,足立神明店,35.79329,139.83435,東京都足立区神明２－６－１４ＬＩＸＩＬビバ足立神明店　２Ｆ,shop4,TOKYO_HARUMI
セリア,ライフ竹の塚店,35.80111,139.78328,東京都足立区西伊興４－１－２２ライフ竹の塚店　２Ｆ,shop4,TOKYO_HARUMI
セリア,パサージオ西新井店,35.77478,139.7896,東京都足立区西新井栄町１－１７－１パサージオ　３Ｆ,shop4,TOKYO_HARUMI
セリア,西友青井店,35.77008,139.8177,東京都足立区青井３－１－１西友青井店　２Ｆ,shop4,TOKYO_HARUMI
セリア,北千住マルイ店,35.75108,139.80457,東京都足立区千住３－９２北千住マルイ　４Ｆ,shop4,TOKYO_HARUMI
セリア,ポンテポルタ千住店,35.74215,139.79526,東京都足立区千住橋戸町１－１３ポンテポルタ千住　３Ｆ,shop4,TOKYO_HARUMI
セリア,ニトリ環七梅島店,35.77822,139.80237,東京都足立区梅島２－３１－２６ニトリ環七梅島店　３Ｆ,shop4,TOKYO_HARUMI
セリア,保木間店,35.78982,139.80733,東京都足立区保木間１－９－７グリーンマークシティ保木間内,shop4,TOKYO_HARUMI
セリア,京王リトナード永山店,35.6301,139.44801,東京都多摩市永山１－１８－１京王リトナード永山　１Ｆ,shop4,TOKYO_OKUTAMA
セリア,多摩貝取店,35.61913,139.44217,東京都多摩市貝取３－８コープ貝取店　２Ｆ,shop4,TOKYO_OKUTAMA
セリア,ザ・スクエア聖蹟桜ヶ丘店,35.6516,139.44586,東京都多摩市関戸１－１－５ザ・スクエア聖蹟桜ヶ丘　Ｂ１Ｆ,shop4,TOKYO_OKUTAMA
セリア,多摩ｾﾝﾀｰﾏｸﾞﾚﾌﾞEAST店,35.62417,139.42345,東京都多摩市落合１－３９－１マグレブＥＡＳＴ　４Ｆ,shop4,TOKYO_OKUTAMA
セリア,クロスガーデン多摩店,35.62009,139.42334,東京都多摩市落合２－３３クロスガーデン多摩　２Ｆ,shop4,TOKYO_OKUTAMA
セリア,浅草ＥＫＩＭＩＳＥ店,35.71185,139.79832,東京都台東区花川戸１－４－１浅草ＥＫＩＭＩＳＥ　５Ｆ,shop4,TOKYO_HARUMI
セリア,上野マルイ店,35.71087,139.77582,東京都台東区上野６－１５－１上野マルイ　７Ｆ,shop4,TOKYO_HARUMI
セリア,イトーヨーカドー大森店,35.58647,139.73343,東京都大田区大森北２－１３－１イトーヨーカドー大森店　２Ｆ,shop4,TOKYO_HARUMI
セリア,イグジットメルサ銀座店,35.67092,139.76434,東京都中央区銀座５－７－１０ＥＸＩＴＭＥＬＳＡ　５Ｆ,shop4,TOKYO_HARUMI
セリア,中野マルイ店,35.70427,139.66496,東京都中野区中野３－３４－２８中野マルイ　３Ｆ,shop4,TOKYO_HARUMI
セリア,Odakyu　OX　玉川学園店,35.56364,139.46352,東京都町田市玉川学園２－２１－９Ｏｄａｋｙｕ　ＯＸ　玉川学園店　２Ｆ,shop4,TOKYO_OKUTAMA
セリア,町田マルイ店,35.54238,139.4449,東京都町田市原町田６－１－６町田マルイ　６Ｆ,shop4,TOKYO_OKUTAMA
セリア,島忠ホームズ町田三輪店,35.57868,139.50021,東京都町田市三輪町２８１－１島忠ホームズ町田三輪店　１Ｆ,shop4,TOKYO_OKUTAMA
セリア,コピオ多摩境店,35.60442,139.36058,東京都町田市小山ヶ丘４－５－２コピオ多摩境店　１Ｆ,shop4,TOKYO_OKUTAMA
セリア,町田小山店,35.59391,139.37575,東京都町田市小山町９８７－１,shop4,TOKYO_OKUTAMA
セリア,西友町田店,35.54366,139.44362,東京都町田市森野１－１４－１７西友町田店　５Ｆ,shop4,TOKYO_OKUTAMA
セリア,いなげや町田成瀬台店,35.54977,139.47903,東京都町田市成瀬台２－３－１いなげや町田成瀬台店　１Ｆ,shop4,TOKYO_OKUTAMA
セリア,キッチンコート西調布店,35.65365,139.53113,東京都調布市下石原３－１１－１キッチンコート西調布店　２Ｆ,shop4,TOKYO_HARUMI
セリア,島忠ホームズ仙川店,35.65909,139.58626,東京都調布市若葉町２－１－７島忠ホームズ仙川店　１Ｆ,shop4,TOKYO_HARUMI
セリア,西友調布店,35.65371,139.54408,東京都調布市小島町１－１０－１西友調布店　４Ｆ,shop4,TOKYO_HARUMI
セリア,いなげや調布仙川店,35.66561,139.58347,東京都調布市仙川町３－４－１,shop4,TOKYO_HARUMI
セリア,コープ調布染地店,35.6399,139.55704,東京都調布市染地３－１－８１５コープ調布染地店　２Ｆ,shop4,TOKYO_HARUMI
セリア,島忠ホームズ小平店,35.73857,139.51025,東京都東久留米市前沢５－３３－１７島忠ホームズ小平店　１Ｆ,shop4,TOKYO_HARUMI
セリア,サンドラッグ滝山団地店,35.74485,139.50525,東京都東久留米市滝山４－１－４０サンドラッグ滝山団地店　２Ｆ,shop4,TOKYO_HARUMI
セリア,クルネ東久留米店,35.75971,139.51143,東京都東久留米市野火止１－３－３東久留米ショッピングセンター　クルネ　２Ｆ,shop4,TOKYO_HARUMI
セリア,西友久米川店,35.74976,139.47214,東京都東村山市栄町２－３－４西友久米川店　６Ｆ,shop4,TOKYO_HARUMI
セリア,イトーヨーカドー東村山店,35.75891,139.46661,東京都東村山市本町２－２－１９イトーヨーカドー東村山店　４Ｆ,shop4,TOKYO_HARUMI
セリア,東大和リビングテラス店,35.7429577,139.4269584,東京都東大和市清原１－１２１３－７東大和リビングテラス内,shop4,TOKYO_OKUTAMA
セリア,ニトリ東大和店,35.74664,139.43581,東京都東大和市仲原４－２－１ニトリ東大和店　１Ｆ,shop4,TOKYO_OKUTAMA
セリア,ｻﾞ･ﾏｰｹｯﾄﾌﾟﾚｲｽ東大和店,35.73752,139.42412,東京都東大和市立野３－１３４４－１ザ・マーケットプレイス東大和　２Ｆ,shop4,TOKYO_OKUTAMA
セリア,豊田駅前店,35.65981,139.38116,東京都日野市多摩平１－１京王自動車豊田ビル　２Ｆ,shop4,TOKYO_OKUTAMA
セリア,日野落川店,35.65699,139.43005,東京都日野市落川１０７０番地リヴェージュ百草園　１Ｆ,shop4,TOKYO_OKUTAMA
セリア,三和八王子みなみ野店,35.63137,139.32745,東京都八王子市みなみ野１－８－１Ｍｉｏみなみ野ショッピングセンター　２Ｆ,shop4,TOKYO_OKUTAMA
セリア,八王子オクトーレ店,35.65731,139.33884,東京都八王子市旭町９－１八王子オクトーレ　５Ｆ,shop4,TOKYO_OKUTAMA
セリア,高倉店,35.66365,139.36714,東京都八王子市高倉町６６－１１コルモピア高倉店３Ｆ,shop4,TOKYO_OKUTAMA
セリア,ｻｻﾞﾝｽｶｲﾀﾜｰ八王子店,35.65405,139.33881,東京都八王子市子安町４－７－１サザンスカイタワー八王子　３Ｆ,shop4,TOKYO_OKUTAMA
セリア,セレオ西八王子店,35.65642,139.31218,東京都八王子市千人町２－２１－１セレオ西八王子　２Ｆ,shop4,TOKYO_OKUTAMA
セリア,コピオ長房店,35.65852,139.29938,東京都八王子市長房町３４０－１２コピオ長房店　１Ｆ,shop4,TOKYO_OKUTAMA
セリア,イーアス高尾店,35.64354,139.28918,東京都八王子市東浅川町５５０－１イーアス高尾　２Ｆ,shop4,TOKYO_OKUTAMA
セリア,フォルテ八王子店,35.68246,139.30013,東京都八王子市楢原町１４６３－１フォルテ八王子　２Ｆ,shop4,TOKYO_OKUTAMA
セリア,フレンテ南大沢店,35.61526,139.38229,東京都八王子市南大沢２－１－６フレンテ南大沢　新館３Ｆ,shop4,TOKYO_OKUTAMA
セリア,志村ｼｮｯﾋﾟﾝｸﾞｾﾝﾀｰ店,35.77845,139.68677,東京都板橋区志村３－２６－４志村ショッピングセンター　２Ｆ,shop4,TOKYO_HARUMI
セリア,西友成増店,35.77829,139.63332,東京都板橋区成増３－１１－３西友成増店　２Ｆ,shop4,TOKYO_HARUMI
セリア,東武ストア前野町店,35.76393,139.68466,東京都板橋区前野町６－３－１東武ストア前野町店　２Ｆ,shop4,TOKYO_HARUMI
セリア,サンドラッグ戸越公園店,35.60786,139.71819,東京都品川区戸越６－７－７サンドラッグ戸越公園店　２Ｆ,shop4,TOKYO_HARUMI
セリア,品川ｼｰｻｲﾄﾞﾌｫﾚｽﾄ店,35.61023,139.74866,東京都品川区東品川４－１２－４品川シーサイドフォレストオーバルガーデン　１Ｆ,shop4,TOKYO_HARUMI
セリア,西友大森店,35.58815,139.73045,東京都品川区南大井６－２７－２５西友大森店　４Ｆ,shop4,TOKYO_HARUMI
セリア,府中くるる店,35.67155,139.48073,東京都府中市宮町１－５０府中くるる　３Ｆ,shop4,TOKYO_OKUTAMA
セリア,ライフ府中中河原店,35.66021,139.45845,東京都府中市住吉町１－８４－１ライフ府中中河原店　２Ｆ,shop4,TOKYO_OKUTAMA
セリア,フレスポ府中店,35.68247,139.46025,東京都府中市西原町１－６－２フレスポ府中　１Ｆ,shop4,TOKYO_OKUTAMA
セリア,吉祥寺マルイ店,35.70188,139.57922,東京都武蔵野市吉祥寺南町１－７－１吉祥寺マルイ　５Ｆ,shop4,TOKYO_HARUMI
セリア,西友吉祥寺店,35.70576,139.58124,東京都武蔵野市吉祥寺本町１－１２－１０西友吉祥寺店　５Ｆ,shop4,TOKYO_HARUMI
セリア,東急百貨店吉祥寺店,35.70517,139.578,東京都武蔵野市吉祥寺本町２－３－１東急百貨店吉祥寺店　８Ｆ,shop4,TOKYO_HARUMI
セリア,西友福生店,35.74327,139.32808,東京都福生市東町５－１西友福生店　Ｐａｒｔ２　１Ｆ,shop4,TOKYO_OKUTAMA
セリア,マルフジ南田園店,35.72596,139.33141,東京都福生市南田園２－８－７,shop4,TOKYO_OKUTAMA
セリア,茗荷谷店,35.71725,139.73714,東京都文京区小日向４－６－１２茗荷谷駅ＭＦビル　２Ｆ,shop4,TOKYO_HARUMI
セリア,池袋Ｐ’パルコ店,35.73285,139.71278,東京都豊島区東池袋１－５０－３５池袋Ｐ’ＰＡＲＣＯ　５Ｆ,shop4,TOKYO_HARUMI
セリア,池袋ｻﾝｼｬｲﾝｼﾃｨｱﾙﾀ店,35.72929,139.71919,東京都豊島区東池袋３－１－３池袋サンシャインシティアルタ　１Ｆ,shop4,TOKYO_HARUMI
セリア,東池袋店,35.72801,139.71915,東京都豊島区東池袋４－２７－１０サンソウゴ池袋第一ビル　Ｂ１Ｆ,shop4,TOKYO_HARUMI
セリア,サミット王子桜田通り店,35.76408,139.73251,東京都北区王子５－１－４０サミットストア王子桜田通り店　２Ｆ,shop4,TOKYO_HARUMI
セリア,ジャパンミート王子店,35.76504,139.73285,東京都北区王子５－２－１０ジャパンミート王子店　２Ｆ,shop4,TOKYO_HARUMI
セリア,コモディイイダ滝野川店,35.74367,139.72296,東京都北区滝野川７－２５－８コモディイイダ滝野川店　別館　２Ｆ,shop4,TOKYO_HARUMI
セリア,錦糸町マルイ店,35.695,139.81371,東京都墨田区江東橋３－９－１０錦糸町マルイ　４Ｆ,shop4,TOKYO_HARUMI
セリア,オリナス錦糸町店,35.70058,139.81612,東京都墨田区太平４－１－２オリナスコア　Ｂ１Ｆ,shop4,TOKYO_HARUMI
セリア,八広店,35.72169,139.82236,東京都墨田区八広１－７－８オリンピック八広店　２Ｆ,shop4,TOKYO_HARUMI
セリア,自由が丘店,35.60843,139.66745,東京都目黒区自由が丘２－１０－８自由が丘エヌケービル　２Ｆ,shop4,TOKYO_HARUMI
セリア,若葉ケヤキモール店,35.72045,139.43433,東京都立川市若葉町１－７－１若葉ケヤキモール　１Ｆ,shop4,TOKYO_OKUTAMA
セリア,ビックカメラ立川店,35.69924,139.41466,東京都立川市曙町２－１２－２ビックカメラ立川店　７Ｆ,shop4,TOKYO_OKUTAMA
セリア,立川高島屋ｼｮｯﾋﾟﾝｸﾞｾﾝﾀｰ店,35.70085,139.41315,東京都立川市曙町２－３９－３立川高島屋Ｓ．Ｃ．　１Ｆ,shop4,TOKYO_OKUTAMA
セリア,ららぽーと立川立飛店,35.71406,139.4115,東京都立川市泉町９３５－１ららぽーと立川立飛　１Ｆ,shop4,TOKYO_OKUTAMA
セリア,江古田店,35.73685,139.67415,東京都練馬区旭丘１－７１－６プロパティ江古田ビル　１Ｆ,shop4,TOKYO_HARUMI
セリア,石神井公園ピアレス店,35.74355,139.60725,東京都練馬区石神井町２－１４－１石神井公園ピアレス １Ｆ,shop4,TOKYO_HARUMI
セリア,ＬＩＶＩＮオズ大泉店,35.75226,139.59521,東京都練馬区東大泉２－１０－１１ＬＩＶＩＮオズ大泉　４Ｆ,shop4,TOKYO_HARUMI
セリア,ゆめりあﾌｪﾝﾃ大泉学園店,35.74894,139.58556,東京都練馬区東大泉５－４３－１ゆめりあフェンテ大泉学園　３Ｆ,shop4,TOKYO_HARUMI
セリア,コモディイイダ大泉店,35.74834,139.57214,東京都練馬区南大泉４－５０－１０コモディイイダ大泉店　２Ｆ,shop4,TOKYO_HARUMI
サンスイ,渋谷本店,35.6584369,139.7011709,東京都渋谷区２丁目２２−７ 新生ビル 1F,shop2,TOKYO_HARUMI
サンスイ,SHIBUYA SANSUI Part 2,35.65625,139.70511,東京都渋谷区渋谷３丁目１６−１,shop2,TOKYO_HARUMI
サンスイ,SHIBUYA SANSUI Part 1,35.65625,139.70511,東京都渋谷区渋谷３丁目１６−２ ニュー三水ビル 1F,shop2,TOKYO_HARUMI
サンスイ,上野店,35.7092,139.77307,東京都台東区上野２丁目７−１３,shop2,TOKYO_HARUMI
サンスイ,池袋店,35.73235,139.71315,東京都豊島区東池袋１丁目４２−１４,shop2,TOKYO_HARUMI
キャスティング,青戸店,35.75657,139.85529,東京都葛飾区青戸7-25-10,shop2,TOKYO_HARUMI
キャスティング,錦糸町店,35.69129,139.81496,東京都江東区毛利1-12-10,shop2,TOKYO_HARUMI
キャスティング,東久留米店,35.73759,139.51822,東京都小平市花小金井3-34-26,shop2,TOKYO_OKUTAMA
キャスティング,八幡山店,35.66754,139.61372,東京都世田谷区八幡山3-38-16,shop2,TOKYO_HARUMI
キャスティング,足立環七店,35.77907,139.79907,東京都足立区島根1-8-3,shop2,TOKYO_HARUMI
キャスティング,日本橋店,35.68876,139.77409,東京都中央区日本橋本町3-3-6 ワカ末ビル 1F,shop2,TOKYO_HARUMI
キャスティング,八王子店,35.64742,139.33514,東京都八王子市緑町927-1,shop2,TOKYO_OKUTAMA
キャスティング,品川シーサイド店,35.61023,139.74866,東京都品川区東品川4-12-4 品川シーサイドパークタワー2F,shop2,TOKYO_HARUMI
キャスティング,府中店,35.66962,139.50308,東京都府中市若松町1-28-3,shop2,TOKYO_OKUTAMA
DAISO,セイムスあきる野引田店,35.72479,139.26744,東京都あきる野市引田558-1,shop4,TOKYO_OKUTAMA
DAISO,あきる野雨間店,35.7236745,139.2888902,東京都あきる野市雨間字西郷735-1,shop4,TOKYO_OKUTAMA
DAISO,あきるのプレイス店,35.73089,139.28729,東京都あきる野市秋川1-17-1 あきるのプレイス4階,shop4,TOKYO_OKUTAMA
DAISO,三和稲城店,35.64058,139.48924,東京都稲城市向陽台3丁目8番1号 2階,shop4,TOKYO_OKUTAMA
DAISO,フレスポ若葉台店,35.62041,139.47118,東京都稲城市若葉台2-4-2フレスポ若葉台2階,shop4,TOKYO_OKUTAMA
DAISO,アメリア稲城SC店,35.63568,139.51495,東京都稲城市矢野口2284-1アメリア稲城SC店2階,shop4,TOKYO_OKUTAMA
DAISO,羽村店,35.75861,139.31192,東京都羽村市羽東2-7-6,shop4,TOKYO_OKUTAMA
DAISO,くすりの福太郎葛飾鎌倉店,35.74408,139.8817,東京都葛飾区鎌倉4-2-1 地下1階,shop4,TOKYO_HARUMI
DAISO,亀有リリオ店,35.76653,139.84875,東京都葛飾区亀有3丁目26-1亀有リリオ5階,shop4,TOKYO_HARUMI
DAISO,ヴィナシス金町店,35.76802,139.87103,東京都葛飾区金町6-2-1 ヴィナシス金町2階,shop4,TOKYO_HARUMI
DAISO,イトーヨーカドー高砂店,35.75052,139.86858,東京都葛飾区高砂3-12-5イトーヨーカドー高砂店内3階,shop4,TOKYO_HARUMI
DAISO,コモディイイダ小菅店,35.75576,139.82639,東京都葛飾区小菅3-11-7コモディイイダ小菅 1階,shop4,TOKYO_HARUMI
DAISO,新小岩ルミエール店,35.71494,139.85986,東京都葛飾区新小岩1-39-7,shop4,TOKYO_HARUMI
DAISO,新小岩北口店,35.71832,139.85738,東京都葛飾区西新小岩1-8-7,shop4,TOKYO_HARUMI
DAISO,ユアエルム青戸店,35.74494,139.85553,東京都葛飾区青戸3丁目36-1ユアエルム7番街1階,shop4,TOKYO_HARUMI
DAISO,東急ストア金町店,35.77205,139.87099,東京都葛飾区東金町1-36-1 東急ストア金町店2階,shop4,TOKYO_HARUMI
DAISO,いなげやお花茶屋店,35.74606,139.84315,東京都葛飾区白鳥1-6-1いなげやお花茶屋店1階,shop4,TOKYO_HARUMI
DAISO,コープ葛飾白鳥店,35.75254,139.84848,東京都葛飾区白鳥4丁目10番17号コープみらい葛飾白鳥店2階,shop4,TOKYO_HARUMI
DAISO,赤札堂堀切店,35.74728,139.82727,東京都葛飾区堀切3-7-4 赤札堂堀切3階,shop4,TOKYO_HARUMI
DAISO,京成立石駅前店,35.73748,139.8493,東京都葛飾区立石1-20-9,shop4,TOKYO_HARUMI
DAISO,オリンピック立石店,35.74203,139.84908,東京都葛飾区立石7-10-7 Olympic立石店内,shop4,TOKYO_HARUMI
DAISO,マルエツ一之江駅前店,35.68559,139.88353,東京都江戸川区一之江8-13-9 FRONT101 マルエツ一之江駅前3階,shop4,TOKYO_HARUMI
DAISO,ライフ篠崎店,35.70583,139.90366,東京都江戸川区篠崎町7-27-1ライフ篠崎店4階,shop4,TOKYO_HARUMI
DAISO,ライフ瑞江店,35.69334,139.89775,東京都江戸川区瑞江2-2-1ライフ瑞江店3階,shop4,TOKYO_HARUMI
DAISO,サニーモール西葛西店,35.66786,139.8625,東京都江戸川区西葛西4-2-28サニーモール西葛西3階,shop4,TOKYO_HARUMI
DAISO,船堀店,35.68216,139.86757,東京都江戸川区船堀4-16-20 1階,shop4,TOKYO_HARUMI
DAISO,くすりの福太郎中葛西3丁目店,35.6643,139.87279,東京都江戸川区中葛西3-37-9,shop4,TOKYO_HARUMI
DAISO,島忠ホームズ葛西店,35.65335,139.88069,東京都江戸川区東葛西9-3-6,shop4,TOKYO_HARUMI
DAISO,新鮮市場南葛西店,35.64809,139.87338,東京都江戸川区南葛西4丁目3-14新鮮市場南葛西店2階,shop4,TOKYO_HARUMI
DAISO,小岩サンロード店,35.73338,139.88293,東京都江戸川区南小岩7-26-17井門小岩ビル,shop4,TOKYO_HARUMI
DAISO,平井店,35.70546,139.84494,東京都江戸川区平井4-8-6シャトーマルイ1・2階,shop4,TOKYO_HARUMI
DAISO,コモディイイダ亀戸店,35.69795,139.82028,東京都江東区亀戸2-1-1 コモディイイダ亀戸店内,shop4,TOKYO_HARUMI
DAISO,アトレ亀戸店,35.69763,139.82707,東京都江東区亀戸5-1-1アトレ亀戸店2階,shop4,TOKYO_HARUMI
DAISO,亀戸十三間通り店,35.70012,139.82574,東京都江東区亀戸5丁目15番2号ティ・ビー・シービル1階,shop4,TOKYO_HARUMI
DAISO,南砂町ショッピングセンターSUNAMO店,35.66461,139.8356,東京都江東区新砂3-4-31 南砂町ショッピングセンターSUNAMO2階,shop4,TOKYO_HARUMI
DAISO,南砂町駅前店,35.66858,139.82986,東京都江東区新砂3丁目1番4 どらっぐぱぱす2階,shop4,TOKYO_HARUMI
DAISO,イオン東大島店,35.69115,139.84224,東京都江東区大島7丁目38-30 イオン東大島4階,shop4,TOKYO_HARUMI
DAISO,イオン東雲店,35.64655,139.80237,東京都江東区東雲1丁目9-10イオン東雲2階,shop4,TOKYO_HARUMI
DAISO,東陽町駅店,35.66941,139.81805,東京都江東区東陽4-1-7 佐藤ダイヤビルディング1階,shop4,TOKYO_HARUMI
DAISO,Standard Products イオンスタイル南砂店,35.67184,139.83594,東京都江東区南砂6-7-1 イオンスタイル南砂店2階,shop4,TOKYO_HARUMI
DAISO,ららぽーと豊洲店,35.65537,139.79123,東京都江東区豊洲2-4-9アーバンドックららぽーと豊洲1-3階,shop4,TOKYO_HARUMI
DAISO,アリオ北砂店,35.68245,139.82556,東京都江東区北砂2-17-1 アリオ北砂店3階,shop4,TOKYO_HARUMI
DAISO,イトーヨーカドー木場店,35.6655,139.80321,東京都江東区木場1-5-30 イトーヨーカドー木場2階,shop4,TOKYO_HARUMI
DAISO,赤札堂深川店,35.67348,139.7961,東京都江東区門前仲町2-10-1 赤札堂深川4階,shop4,TOKYO_HARUMI
DAISO,有明ガーデン店,35.63832,139.79355,東京都江東区有明2-1-8 有明ガーデン3階,shop4,TOKYO_HARUMI
DAISO,デックス東京ビーチ店,35.62906,139.77589,東京都港区台場一丁目6番1号デックス東京ビーチアイランドモール4階,shop4,TOKYO_HARUMI
DAISO,コモディイイダ町屋店,35.7481,139.78239,東京都荒川区町屋3-18-11 コモディイイダ町屋店2階,shop4,TOKYO_HARUMI
DAISO,三ノ輪店,35.73119,139.79051,東京都荒川区東日暮里1丁目5-10 大関横丁鈴木酒販ビル2階,shop4,TOKYO_HARUMI
DAISO,LaLaテラス南千住店,35.73583,139.80193,東京都荒川区南千住4-7-2LaLaテラス南千住店2階,shop4,TOKYO_HARUMI
DAISO,東京国分寺東元町店,35.6928,139.48045,東京都国分寺市東元町4-16,shop4,TOKYO_OKUTAMA
DAISO,東京国分寺北町店,35.71728,139.46004,東京都国分寺市北町1丁目2-6,shop4,TOKYO_OKUTAMA
DAISO,国分寺駅前店,35.70123,139.48134,東京都国分寺市本町2-10 2階,shop4,TOKYO_OKUTAMA
DAISO,コーナン国立店,35.67678,139.42709,東京都国立市泉3-29-11,shop4,TOKYO_OKUTAMA
DAISO,国立駅前店,35.69849,139.44453,東京都国立市中1-8-4,shop4,TOKYO_OKUTAMA
DAISO,イオンフードスタイル国立店,35.68309,139.44757,東京都国立市富士見台1-12-4 イオンフードスタイル国立2階,shop4,TOKYO_OKUTAMA
DAISO,さえき国立さくら通り店,35.68742,139.43317,東京都国立市富士見台4丁目3-2 2階,shop4,TOKYO_OKUTAMA
DAISO,小田急マルシェ狛江店,35.63197,139.57704,東京都狛江市元和泉1-8-8,shop4,TOKYO_OKUTAMA
DAISO,東急ストア三鷹センター店,35.69979,139.56133,東京都三鷹市下連雀3-28-23三鷹センター東急ストア店1階,shop4,TOKYO_OKUTAMA
DAISO,コモディイイダ三鷹店,35.68913,139.55533,東京都三鷹市上連雀6-29-7 コモディイイダ三鷹店2階,shop4,TOKYO_OKUTAMA
DAISO,渋谷センター街店,35.66151,139.69699,東京都渋谷区宇田川町35-2,shop4,TOKYO_HARUMI
DAISO,京王クラウン街笹塚店,35.67398,139.66753,東京都渋谷区笹塚1-56-18京王クラウン街笹塚ウエストブロック,shop4,TOKYO_HARUMI
DAISO,原宿店,35.67178,139.7036,東京都渋谷区神宮前1-19-24ビレッジ107 2階,shop4,TOKYO_HARUMI
DAISO,アコルデ代々木上原店,35.66904,139.67982,東京都渋谷区西原3丁目8番5号,shop4,TOKYO_HARUMI
DAISO,渋谷マークシティ店,35.65793,139.698,東京都渋谷区道玄坂1-12-1 渋谷マークシティ1階,shop4,TOKYO_HARUMI
DAISO,Standard Products 渋谷マークシティ店,35.65793,139.698,東京都渋谷区道玄坂1-12-1 渋谷マークシティ1階,shop4,TOKYO_HARUMI
DAISO,ノノワ東小金井店,35.7021254,139.5230377,東京都小金井市梶野町5-1-1 ノノワ東小金井1階,shop4,TOKYO_HARUMI
DAISO,オリンピック小金井店,35.70796,139.48706,東京都小金井市貫井北町4-3-1 Olympic小金井店内,shop4,TOKYO_HARUMI
DAISO,MEGAドン・キホーテ武蔵小金井駅前店,35.70175,139.50563,東京都小金井市本町5-11-2 MEGAドン・キホーテ武蔵小金井駅前店4階,shop4,TOKYO_HARUMI
DAISO,Standard Products MEGAドン・キホーテ武蔵小金井駅前店,35.70175,139.50563,東京都小金井市本町5-11-2 MEGAドン・キホーテ武蔵小金井駅前店4階,shop4,TOKYO_HARUMI
DAISO,イオンフードスタイル小金井店,35.70532,139.50212,東京都小金井市本町5-34-14 イオンフードスタイル小金井2階,shop4,TOKYO_HARUMI
DAISO,イトーヨーカドー武蔵小金井店,35.70048,139.50565,東京都小金井市本町6-14-9 イトーヨーカドー武蔵小金井店3階,shop4,TOKYO_HARUMI
DAISO,花小金井店,35.73929,139.50717,東京都小平市花小金井4-4-12,shop4,TOKYO_OKUTAMA
DAISO,ローソンストア100花小金井店,35.73544,139.50603,東京都小平市花小金井8-33-15,shop4,TOKYO_OKUTAMA
DAISO,一橋学園中央通り店,35.72346,139.48143,東京都小平市学園東町1-4-39 平山ビル2階,shop4,TOKYO_OKUTAMA
DAISO,イオン小平店,35.74335,139.46756,東京都小平市小川東町2-12-1 イオン小平2階,shop4,TOKYO_OKUTAMA
DAISO,FLAT小平店,35.7413165,139.4662818,東京都小平市小川東町3-7-1 FLAT小平1階,shop4,TOKYO_OKUTAMA
DAISO,ザ・ビッグ 昭島店,35.71625,139.3732,東京都昭島市宮沢町500-1ザ・ビッグ昭島3階,shop4,TOKYO_OKUTAMA
DAISO,いなげや昭島中神店,35.7054,139.3756,東京都昭島市朝日町3-1-26いなげや昭島中神店2階,shop4,TOKYO_OKUTAMA
DAISO,島忠ホームズ昭島店,35.70163,139.34914,東京都昭島市田中町3-8-5,shop4,TOKYO_OKUTAMA
DAISO,ヤオコー西武立川駅前店,35.72554,139.36977,東京都昭島市美堀町1-1-1ヤオコー西武立川駅前店2階,shop4,TOKYO_OKUTAMA
DAISO,ピーコックストア目白店,35.72167,139.70053,東京都新宿区下落合3-14-21 ピーコックストア目白2階,shop4,TOKYO_HARUMI
DAISO,新宿サブナード店,35.6934567,139.6991676,東京都新宿区歌舞伎町1丁目靖国通り下 新宿サブナード地下街内,shop4,TOKYO_HARUMI
DAISO,高田馬場店,35.71127,139.70383,東京都新宿区高田馬場1丁目33-13 千年ビル 地下1階,shop4,TOKYO_HARUMI
DAISO,くすりの福太郎市谷柳町店,35.69902,139.72589,東京都新宿区市谷柳町37マージュ市谷柳町地下1階,shop4,TOKYO_HARUMI
DAISO,ビックカメラ新宿東口店,35.69143,139.70296,東京都新宿区新宿3-29-1 ビックカメラ新宿東口店8階,shop4,TOKYO_HARUMI
DAISO,Standard Products ビックカメラ新宿東口店,35.69143,139.70296,東京都新宿区新宿3-29-1 ビックカメラ新宿東口店8階,shop4,TOKYO_HARUMI
DAISO,新宿コクーンタワー店,35.69154,139.69728,東京都新宿区西新宿1-7-3 地下2階,shop4,TOKYO_HARUMI
DAISO,京王モールアネックス店,35.68821,139.69714,東京都新宿区西新宿1丁目19番地京王モールアネックス内,shop4,TOKYO_HARUMI
DAISO,ヨークフーズ早稲田店,35.70587,139.72253,東京都新宿区早稲田町74-10ヨークフーズ早稲田店3階,shop4,TOKYO_HARUMI
DAISO,大久保二丁目明治通り店,35.70273,139.70811,東京都新宿区大久保2-5-20,shop4,TOKYO_HARUMI
DAISO,飯田橋店,35.70197,139.74352,東京都新宿区揚場町1-11 飯田橋中央ビル1階・2階・3階,shop4,TOKYO_HARUMI
DAISO,ピーコックストア阿佐谷店,35.70083,139.63786,東京都杉並区阿佐谷南1-32-10ピーコックストア阿佐谷店地下1階,shop4,TOKYO_HARUMI
DAISO,京王リトナード永福町店,35.67678,139.6418,東京都杉並区永福2丁目60-31 京王リトナード永福町3階,shop4,TOKYO_HARUMI
DAISO,ピーコックストア井荻店,35.72424,139.6147,東京都杉並区下井草5-18-8ピーコックストア井荻店3階,shop4,TOKYO_HARUMI
DAISO,ピーコックストア久我山店,35.68872,139.59935,東京都杉並区久我山4丁目2-6 ピーコックストア久我山店 2階,shop4,TOKYO_HARUMI
DAISO,京王リトナード高井戸店,35.68354,139.61421,東京都杉並区高井戸西2-1-26 京王リトナード高井戸2階,shop4,TOKYO_HARUMI
DAISO,高井戸店,35.68723,139.62167,東京都杉並区高井戸東4丁目2-4マクドナルド2階,shop4,TOKYO_HARUMI
DAISO,高円寺パル店,35.70382,139.64893,東京都杉並区高円寺南4-24-9,shop4,TOKYO_HARUMI
DAISO,西荻南店,35.70401,139.6059,東京都杉並区西荻南4-34,shop4,TOKYO_HARUMI
DAISO,サミット和泉店,35.68291,139.65593,東京都杉並区和泉4-50-11 サミット和泉店3階,shop4,TOKYO_HARUMI
DAISO,オオゼキ杉並和田店,35.69081,139.66588,東京都杉並区和田1丁目17番4号オオゼキ杉並和田店2階,shop4,TOKYO_HARUMI
DAISO,喜多見駅前店,35.63726,139.5885,東京都世田谷区喜多見9丁目1番2号小田急喜多見ル・ジュール1階・2階,shop4,TOKYO_HARUMI
DAISO,経堂店,35.65129,139.63815,東京都世田谷区宮坂2-19-5ピーコックストア経堂店2階,shop4,TOKYO_HARUMI
DAISO,二子玉川ライズSC店,35.61204,139.62845,東京都世田谷区玉川2-21-1 二子玉川ライズSC ステーションマーケット1階,shop4,TOKYO_HARUMI
DAISO,Standard Products 二子玉川ライズ・ショッピングセンター店,35.61204,139.62845,東京都世田谷区玉川2-21-1 二子玉川ライズショッピングセンター1階,shop4,TOKYO_HARUMI
DAISO,明大前店,35.6694,139.65092,東京都世田谷区松原1-38-10明大前ビル,shop4,TOKYO_HARUMI
DAISO,オオゼキ松原店,35.65995,139.64267,東京都世田谷区松原4丁目10-4 オオゼキ松原店2階,shop4,TOKYO_HARUMI
DAISO,京王リトナード八幡山店,35.66965,139.61731,東京都世田谷区上北沢4-36-23,shop4,TOKYO_HARUMI
DAISO,世田谷4丁目店,35.64307,139.65166,東京都世田谷区世田谷4-7-1,shop4,TOKYO_HARUMI
DAISO,成城学園店,35.64729,139.59656,東京都世田谷区成城8-18-1,shop4,TOKYO_HARUMI
DAISO,ダイエー三軒茶屋店,35.64261,139.67372,東京都世田谷区太子堂1-14-16 ダイエー三軒茶屋店2階,shop4,TOKYO_HARUMI
DAISO,京王ストア代田橋店,35.67141,139.65887,東京都世田谷区大原2-26-12京王ストア代田橋2階,shop4,TOKYO_HARUMI
DAISO,千歳烏山クレア店,35.66922,139.60106,東京都世田谷区南烏山4-12-7 クレア店内2階,shop4,TOKYO_HARUMI
DAISO,レシピ下北沢店,35.66085,139.66707,東京都世田谷区北沢2-20-17Recipe SHIMOKITA5階,shop4,TOKYO_HARUMI
DAISO,清瀬店,35.77512,139.52361,東京都清瀬市上清戸1-14-56,shop4,TOKYO_HARUMI
DAISO,いなげや秋津駅前店,35.77794,139.49973,東京都清瀬市野塩1-337-1いなげや秋津駅前店2階,shop4,TOKYO_HARUMI
DAISO,イオンモール日の出店,35.74148,139.27971,東京都西多摩郡日の出町大字平井字三吉野桜木237-3 イオンモール日の出2階,shop4,TOKYO_HARUMI
DAISO,サミット向台町店,35.71764,139.53416,東京都西東京市向台町3-5-74,shop4,TOKYO_HARUMI
DAISO,イオンタウン田無芝久保店,35.72319,139.52835,東京都西東京市芝久保町1-12-5イオンタウン田無芝久保店 2階,shop4,TOKYO_HARUMI
DAISO,コープひばりが丘店,35.74427,139.53848,東京都西東京市谷戸町2-1-80,shop4,TOKYO_HARUMI
DAISO,イオンスタイル河辺店,35.78539,139.2859,東京都青梅市河辺町10-7-1イオンスタイル河辺4階,shop4,TOKYO_OKUTAMA
DAISO,ヤオコー青梅今寺店,35.79289,139.30304,東京都青梅市今寺5丁目14-1,shop4,TOKYO_OKUTAMA
DAISO,オザム青梅新町店,35.78887,139.3102,東京都青梅市新町6-1-10,shop4,TOKYO_OKUTAMA
DAISO,おうめ新町9丁目店,35.77962,139.32077,東京都青梅市新町9-2019-1,shop4,TOKYO_OKUTAMA
DAISO,やまや青梅今寺店,35.79903,139.30194,東京都青梅市藤橋2丁目560-6,shop4,TOKYO_OKUTAMA
DAISO,ヨドバシAKIBA店,35.69864,139.77461,東京都千代田区神田花岡町1-1 ヨドバシカメラ マルチメディアAkiba7階,shop4,TOKYO_HARUMI
DAISO,神田神保町すずらん通り店,35.69567,139.76064,東京都千代田区神田神保町1-1-17東京堂神保町第3ビルディング 1階,shop4,TOKYO_HARUMI
DAISO,東急ストア綾瀬店,35.76225,139.82582,東京都足立区綾瀬3-1-2綾瀬東急ストア1階,shop4,TOKYO_HARUMI
DAISO,Standard Products 足立ひとつや店,35.77961,139.81131,東京都足立区一ツ家3-2-5,shop4,TOKYO_HARUMI
DAISO,足立ひとつや店,35.77961,139.81131,東京都足立区一ツ家3-2-5,shop4,TOKYO_HARUMI
DAISO,ベルクスモール足立花畑店,35.80735,139.81143,東京都足立区花畑5丁目13番2号ベルクスモール足立花畑 2階,shop4,TOKYO_HARUMI
DAISO,ヨークプライス西新井店,35.77024,139.78214,東京都足立区興野1-12-7 ヨークプライス西新井2階,shop4,TOKYO_HARUMI
DAISO,足立江北店,35.78196,139.76123,東京都足立区江北7-21-10 2階,shop4,TOKYO_HARUMI
DAISO,コモディイイダ舎人店,35.81244,139.76541,東京都足立区舎人6-1-6 コモディイイダ舎人店内,shop4,TOKYO_HARUMI
DAISO,マルエツ西新井店,35.78522,139.78255,東京都足立区西新井2-26-16,shop4,TOKYO_HARUMI
DAISO,Standard Products アリオ西新井店,35.77469,139.78578,東京都足立区西新井栄町1-20-1 アリオ西新井店3階,shop4,TOKYO_HARUMI
DAISO,アリオ西新井店,35.77469,139.78578,東京都足立区西新井栄町1丁目20番1号 アリオ西新井店3階,shop4,TOKYO_HARUMI
DAISO,コーナンドイト西新井店,35.77469,139.77147,東京都足立区西新井本町2-31-1 2階,shop4,TOKYO_HARUMI
DAISO,北千住店,35.75048,139.80084,東京都足立区千住二丁目16番舛田ビル2階,shop4,TOKYO_HARUMI
DAISO,五反野駅前店,35.76601,139.8093,東京都足立区足立3丁目34番11号,shop4,TOKYO_HARUMI
DAISO,ららテラス北綾瀬店,35.77782,139.83162,東京都足立区谷中4-8-1 ららテラス北綾瀬4階,shop4,TOKYO_HARUMI
DAISO,竹の塚Joyぷらざ店,35.79463,139.79491,東京都足立区竹ノ塚5-7-3 竹の塚Joyぷらざ1階,shop4,TOKYO_HARUMI
DAISO,サミット五反野店,35.76735,139.80878,東京都足立区中央本町2-26-12 サミット五反野2階,shop4,TOKYO_HARUMI
DAISO,マルエツ足立入谷店,35.80542,139.7661,東京都足立区入谷1-26-15マルエツ足立入谷店2階,shop4,TOKYO_HARUMI
DAISO,カリブ梅島店,35.76675,139.79877,東京都足立区梅田6-9-16カリブ梅島店1階,shop4,TOKYO_HARUMI
DAISO,イオン西新井店,35.77791,139.79047,東京都足立区梅島3-32-7イオン西新井店3階,shop4,TOKYO_HARUMI
DAISO,保木間1丁目店,35.79024,139.81015,東京都足立区保木間1-33-1,shop4,TOKYO_HARUMI
DAISO,コモディイイダ多摩永山店,35.62974,139.4393,東京都多摩市貝取1-65-1コモディイイダ永山店内,shop4,TOKYO_OKUTAMA
DAISO,京王聖蹟桜ヶ丘ショッピングセンター店,35.65112,139.44717,東京都多摩市関戸1-10-1 京王聖蹟桜ヶ丘ショッピングセンターB館6階,shop4,TOKYO_OKUTAMA
DAISO,Standard Products 京王聖蹟桜ヶ丘ショッピングセンター店,35.65112,139.44717,東京都多摩市関戸1-10-1 京王聖蹟桜ヶ丘ショッピングセンターB館6階,shop4,TOKYO_OKUTAMA
DAISO,ヴィータモールせいせき店,35.64963,139.44705,東京都多摩市関戸4-72 ヴィータ聖蹟桜ヶ丘5階,shop4,TOKYO_OKUTAMA
DAISO,サミット東寺方店,35.64145,139.43558,東京都多摩市東寺方660-1,shop4,TOKYO_OKUTAMA
DAISO,イコット多摩センター店,35.6242,139.427,東京都多摩市落合1-35イコット多摩センター2階,shop4,TOKYO_OKUTAMA
DAISO,ココリア多摩センター店,35.6223,139.42476,東京都多摩市落合1-46-1ココリア多摩センター4階,shop4,TOKYO_OKUTAMA
DAISO,松坂屋上野店,35.70752,139.77332,東京都台東区上野3-29-5 松坂屋上野店6階,shop4,TOKYO_HARUMI
DAISO,セイムス浅草雷門通り店,35.71122,139.79741,東京都台東区浅草1-1-2 浅草スクエア3階,shop4,TOKYO_HARUMI
DAISO,浅草ROX店,35.71286,139.79274,東京都台東区浅草1-25-15浅草ROX4階,shop4,TOKYO_HARUMI
DAISO,多慶屋御徒町店,35.70684,139.77687,東京都台東区台東4-12-1 TAKEYA1 4階,shop4,TOKYO_HARUMI
DAISO,マルエツ東上野店,35.71383,139.7827,東京都台東区東上野5-17-11,shop4,TOKYO_HARUMI
DAISO,ココスナカムラ入谷店,35.72012,139.78444,東京都台東区入谷1-6-6ココスナカムラ入谷店2階,shop4,TOKYO_HARUMI
DAISO,下丸子駅前店,35.57183,139.68497,東京都大田区下丸子3丁目3-13,shop4,TOKYO_HARUMI
DAISO,マルエツかまた店,35.55963,139.71613,東京都大田区蒲田5-47-7マルエツかまた店3階,shop4,TOKYO_HARUMI
DAISO,Standard Products 大森駅前店,35.58871,139.72731,東京都大田区山王2-4-1 大森駅前ビル3階,shop4,TOKYO_HARUMI
DAISO,大森駅前店,35.58871,139.72731,東京都大田区山王2-4-1大森駅前ビル3階,shop4,TOKYO_HARUMI
DAISO,長原東急ストア店,35.60224,139.69804,東京都大田区上池台1-10-10長原東急ストア店3階,shop4,TOKYO_HARUMI
DAISO,上池台東急ストア店,35.59175,139.69846,東京都大田区上池台5-23-5上池台東急ストア2階,shop4,TOKYO_HARUMI
DAISO,Standard Products グランデュオ蒲田店,35.56243,139.71542,東京都大田区西蒲田7-68-1 グランデュオ蒲田西館3階,shop4,TOKYO_HARUMI
DAISO,東急プラザ蒲田店,35.56174,139.71475,東京都大田区西蒲田7丁目69番1号東急プラザ蒲田M2階,shop4,TOKYO_HARUMI
DAISO,マチノマ大森店,35.57465,139.72681,東京都大田区大森西3-1-38マチノマ大森2階,shop4,TOKYO_HARUMI
DAISO,Luz大森店,35.58633,139.72838,東京都大田区大森北1-10-14Luz大森2階,shop4,TOKYO_HARUMI
DAISO,大田池上店,35.57253,139.70129,東京都大田区池上7-1-1,shop4,TOKYO_HARUMI
DAISO,雑色水門通り店,35.54873,139.71759,東京都大田区東六郷2-13-6WELL HIGASHIROKUGO1階,shop4,TOKYO_HARUMI
DAISO,マルエツ新糀谷店,35.55085,139.73288,東京都大田区萩中2-12-5 マルエツ新糀谷2階,shop4,TOKYO_HARUMI
DAISO,糀谷萩中商店街店,35.5518,139.73062,東京都大田区萩中2-7-7,shop4,TOKYO_HARUMI
DAISO,コーナン本羽田萩中店,35.549,139.73161,東京都大田区本羽田2-3-1,shop4,TOKYO_HARUMI
DAISO,マロニエゲート銀座店,35.67354,139.76494,東京都中央区銀座3-2-1 マロニエゲート銀座2 6階,shop4,TOKYO_HARUMI
DAISO,Standard Products マロニエゲート銀座店,35.67354,139.76494,東京都中央区銀座3-2-1 マロニエゲート銀座2 6階,shop4,TOKYO_HARUMI
DAISO,晴海トリトン店,35.65556,139.78183,東京都中央区晴海1-8-16 晴海トリトン店2階,shop4,TOKYO_HARUMI
DAISO,ららテラスHARUMIFLAG店,35.65213,139.7756,東京都中央区晴海5-2-31 ららテラスHARUMIFLAG2階 21100,shop4,TOKYO_HARUMI
DAISO,人形町駅店,35.68666,139.78159,東京都中央区日本橋人形町3-7-13 B1階・1階・2階,shop4,TOKYO_HARUMI
DAISO,Standard Products ヤエチカ店,35.67986,139.76961,東京都中央区八重洲2-1 八重洲地下街 地下1階,shop4,TOKYO_HARUMI
DAISO,コモディイイダ中野店,35.71018,139.67293,東京都中野区上高田2-1-28 コモディイイダ中野店2階,shop4,TOKYO_HARUMI
DAISO,ローソンストア100中野中央店,35.69715,139.68605,東京都中野区中央1-21-2 メゾン淀橋YSビル,shop4,TOKYO_HARUMI
DAISO,中野早稲田通店,35.7092,139.66577,東京都中野区中野5-52-14宮田ビル中野内,shop4,TOKYO_HARUMI
DAISO,中野ブロードウェイ店,35.7092,139.66577,東京都中野区中野5-52-15中野ブロードウェイ地下1階 プチパリ内,shop4,TOKYO_HARUMI
DAISO,ユニゾンモール東中野店,35.70659,139.68742,東京都中野区東中野5-1-1ユニゾンモール東中野1階,shop4,TOKYO_HARUMI
DAISO,中野坂上店,35.69444,139.68172,東京都中野区本町2丁目28番11-101号 不二ハイツビル内,shop4,TOKYO_HARUMI
DAISO,ローソンストア100野方店,35.72321,139.65099,東京都中野区野方6-50-10 MT野方1階,shop4,TOKYO_HARUMI
DAISO,三和玉川学園店,35.56284,139.46208,東京都町田市玉川学園2-11三和玉川学園店2階,shop4,TOKYO_OKUTAMA
DAISO,町田金井店,35.57617,139.46884,東京都町田市金井8丁目16-25,shop4,TOKYO_OKUTAMA
DAISO,スーパー三和小川店,35.52601,139.46509,東京都町田市金森4-1-2 スーパー三和小川店地下1階,shop4,TOKYO_OKUTAMA
DAISO,Standard Products ミーナ町田店,35.54137,139.4476,東京都町田市原町田4-1-17 ミーナ町田7階,shop4,TOKYO_OKUTAMA
DAISO,ミーナ町田店,35.54137,139.4476,東京都町田市原町田4丁目1-17ミーナ町田7階,shop4,TOKYO_OKUTAMA
DAISO,町田東急ツインズ店,35.54259,139.44643,東京都町田市原町田6-4-1町田東急ツインズ ウエスト8階,shop4,TOKYO_OKUTAMA
DAISO,町田ジョルナ店,35.54181,139.44673,東京都町田市原町田6-6-14 地下1階,shop4,TOKYO_OKUTAMA
DAISO,アメリア町田根岸ショッピングセンター店,35.57642,139.41084,東京都町田市根岸2丁目18-1アメリア町田根岸SC 2階,shop4,TOKYO_OKUTAMA
DAISO,ミスターマックス町田多摩境店,35.60717,139.34789,東京都町田市小山ヶ丘6-1-10ミスターマックス町田多摩境店内,shop4,TOKYO_OKUTAMA
DAISO,FOOD ONE森野店,35.55436,139.43661,東京都町田市森野3-15-22 FOOD ONE森野店内2階,shop4,TOKYO_OKUTAMA
DAISO,三和鶴川店,35.6008,139.45537,東京都町田市真光寺町1-24-1三和鶴川店 B館2階,shop4,TOKYO_OKUTAMA
DAISO,Standard Products 南町田グランベリーパーク店,35.51003,139.4704,東京都町田市鶴間3-4-1 南町田グランベリーパーク1階,shop4,TOKYO_OKUTAMA
DAISO,そうてつローゼン成瀬店,35.53659,139.47087,東京都町田市南成瀬1丁目3番5号そうてつローゼン成瀬店3階,shop4,TOKYO_OKUTAMA
DAISO,本町田店,35.57238,139.44469,東京都町田市本町田3217-1,shop4,TOKYO_OKUTAMA
DAISO,キテラタウン調布店,35.65766,139.56815,東京都調布市菊野台1丁目33番3キテラタウン調布1階,shop4,TOKYO_HARUMI
DAISO,イトーヨーカドー国領店,35.64819,139.56502,東京都調布市国領町8-2-64 イトーヨーカドー国領店2階,shop4,TOKYO_HARUMI
DAISO,調布ロイヤルプラザ店,35.65059,139.54317,東京都調布市小島町2-51-3調布ロイヤルプラザ地下1階,shop4,TOKYO_HARUMI
DAISO,調布とうきゅう店,35.64981,139.54317,東京都調布市小島町2-52-1調布とうきゅう2階,shop4,TOKYO_HARUMI
DAISO,つつじヶ丘駅前店,35.65928,139.57483,東京都調布市西つつじケ丘3-37-2 PARK MODERNつつじヶ丘地下1階,shop4,TOKYO_HARUMI
DAISO,仙川ハーモニーロード店,35.66068,139.58464,東京都調布市仙川町1-12-44 1階2階,shop4,TOKYO_HARUMI
DAISO,マルエツ調布店,35.65737,139.54675,東京都調布市調布ヶ丘1-18-1マルエツ調布店内,shop4,TOKYO_HARUMI
DAISO,Standard Products トリエ京王調布店,35.65106,139.54543,東京都調布市布田4-4-22 トリエ京王調布A館3階,shop4,TOKYO_HARUMI
DAISO,アクロスプラザ東久留米店,35.77182,139.54486,東京都東久留米市上の原2丁目3番18号,shop4,TOKYO_HARUMI
DAISO,東久留米駅前店,35.7601,139.5354,東京都東久留米市新川町1-3-6 1階,shop4,TOKYO_HARUMI
DAISO,サンドラッグ東久留米前沢店,35.74578,139.51361,東京都東久留米市前沢4-3-21サンドラッグ東久留米前沢店2階,shop4,TOKYO_HARUMI
DAISO,イトーヨーカドー東久留米店,35.75894,139.52893,東京都東久留米市本町3-8-1 イトーヨーカドー東久留米2階,shop4,TOKYO_HARUMI
DAISO,島忠ホームズ東村山店,35.76809,139.48708,東京都東村山市久米川町1-36,shop4,TOKYO_HARUMI
DAISO,東村山店,35.77003,139.47229,東京都東村山市久米川町5-7-3,shop4,TOKYO_HARUMI
DAISO,東大和向原店,35.7424,139.44061,東京都東大和市向原1-3-5,shop4,TOKYO_OKUTAMA
DAISO,BIGBOX東大和店,35.73317,139.43388,東京都東大和市桜が丘1-1330-19BIGBOX東大和2階,shop4,TOKYO_OKUTAMA
DAISO,リコパ東大和店,35.73585,139.42262,東京都東大和市桜が丘2-142-1 リコパ東大和2階,shop4,TOKYO_OKUTAMA
DAISO,Standard Products リコパ東大和店,35.73585,139.42262,東京都東大和市桜が丘2-142-1 リコパ東大和2階,shop4,TOKYO_OKUTAMA
DAISO,ベルク東大和立野店,35.7465,139.41679,東京都東大和市立野2-2-1 ベルク東大和立野店2階,shop4,TOKYO_OKUTAMA
DAISO,三和旭が丘店,35.66089,139.36412,東京都日野市旭が丘6-7-5 三和旭が丘店地下1階,shop4,TOKYO_OKUTAMA
DAISO,高幡不動駅前店,35.66122,139.41373,東京都日野市高幡1008-9グラシア高幡不動1階,shop4,TOKYO_OKUTAMA
DAISO,イオンモール多摩平の森店,35.66244,139.38092,東京都日野市多摩平2丁目4番1イオンモール多摩平の森3階,shop4,TOKYO_OKUTAMA
DAISO,アクロスモール八王子みなみ野店,35.63086,139.32941,東京都八王子市みなみ野一丁目2番1号,shop4,TOKYO_OKUTAMA
DAISO,八王子OPA店,35.6558,139.33621,東京都八王子市旭町1-12 八王子OPA3階,shop4,TOKYO_OKUTAMA
DAISO,イトーヨーカドー八王子店,35.63758,139.29297,東京都八王子市狭間町1462-1イトーヨーカドー八王子店3階,shop4,TOKYO_OKUTAMA
DAISO,コピオ西八王子駅前店,35.65483,139.3131,東京都八王子市散田町3-17-1 コピオ西八王子駅前2階,shop4,TOKYO_OKUTAMA
DAISO,グルメシティ高尾店,35.64237,139.28502,東京都八王子市初沢町1227-4 グルメシティ高尾2階,shop4,TOKYO_OKUTAMA
DAISO,ラーレ八王子諏訪店,35.68106,139.29517,東京都八王子市諏訪町499,shop4,TOKYO_OKUTAMA
DAISO,やまや北野台店,35.63633,139.35252,東京都八王子市打越町930番地6,shop4,TOKYO_OKUTAMA
DAISO,フォレストモール八王子大和田店,35.66322,139.34912,東京都八王子市大和田町5-7-18,shop4,TOKYO_OKUTAMA
DAISO,ドン・キホーテ八王子駅前店,35.65797,139.3373,東京都八王子市中町1-3 ドン・キホーテ八王子駅前店7階,shop4,TOKYO_OKUTAMA
DAISO,コピオ楢原店,35.6870948,139.3027414,東京都八王子市楢原町952-1,shop4,TOKYO_OKUTAMA
DAISO,イトーヨーカドー南大沢店,35.61299,139.37923,東京都八王子市南大沢2-28-1 イトーヨーカドー南大沢店内4階,shop4,TOKYO_OKUTAMA
DAISO,Standard Products イトーヨーカドー南大沢店,35.61299,139.37923,東京都八王子市南大沢2-28-1 イトーヨーカドー南大沢店内4階,shop4,TOKYO_OKUTAMA
DAISO,ザ・マーケットプレイス八王子店,35.65554,139.30397,東京都八王子市並木町35番1号ザ・マーケットプレイス八王子2階,shop4,TOKYO_OKUTAMA
DAISO,三和堀之内店,35.62405,139.40106,東京都八王子市別所2-1三和堀之内店2階,shop4,TOKYO_OKUTAMA
DAISO,ぐりーんうぉーく多摩店,35.6119,139.396,東京都八王子市別所2-56,shop4,TOKYO_OKUTAMA
DAISO,コピオ北野店,35.64563,139.35484,東京都八王子市北野町545-3コピオ北野店2階,shop4,TOKYO_OKUTAMA
DAISO,フードワン堀之内店,35.63072,139.39735,東京都八王子市堀之内483-6フードワン八王子堀之内店内,shop4,TOKYO_OKUTAMA
DAISO,八王子くぬぎだ店,35.63783,139.29956,東京都八王子市椚田町1209,shop4,TOKYO_OKUTAMA
DAISO,高島平とうきゅう店,35.79032,139.66605,東京都板橋区高島平9-23-1 高島平とうきゅう店内,shop4,TOKYO_HARUMI
DAISO,Standard Products 高島平とうきゅう店,35.79032,139.66605,東京都板橋区高島平9-23-1 高島平とうきゅう店内,shop4,TOKYO_HARUMI
DAISO,ベルクスモール浮間舟渡店,35.7919,139.68706,東京都板橋区舟渡1丁目6番22号ベルクスモール浮間舟渡2階,shop4,TOKYO_HARUMI
DAISO,セブンタウン小豆沢店,35.77998,139.69478,東京都板橋区小豆沢3-9-5,shop4,TOKYO_HARUMI
DAISO,コモディイイダ上板橋店,35.76118,139.67566,東京都板橋区上板橋1-19-16 コモディイイダ上板橋店2階,shop4,TOKYO_HARUMI
DAISO,MEGAドン・キホーテ成増店,35.77803,139.63029,東京都板橋区成増2-21-2 MEGAドン・キホーテ成増6階,shop4,TOKYO_HARUMI
DAISO,Standard Products MEGAドン・キホーテ成増店,35.77803,139.63029,東京都板橋区成増2-21-2 MEGAドン・キホーテ成増6階,shop4,TOKYO_HARUMI
DAISO,成増2丁目店,35.77832,139.62958,東京都板橋区成増2-26,shop4,TOKYO_HARUMI
DAISO,本蓮沼駅前店,35.76786,139.70169,東京都板橋区泉町10-5 2階,shop4,TOKYO_HARUMI
DAISO,三徳ときわ台店,35.76407,139.68712,東京都板橋区前野町2-17-6 三徳ときわ台2階,shop4,TOKYO_HARUMI
DAISO,ヒューリック志村坂上店,35.76878,139.69006,東京都板橋区前野町3-20-1 ヒューリック志村坂上3階,shop4,TOKYO_HARUMI
DAISO,ハッピーロード大山店,35.74957,139.69966,東京都板橋区大山町39,shop4,TOKYO_HARUMI
DAISO,よしや大谷口店,35.74723,139.68652,東京都板橋区大谷口2-66-1 よしや大谷口店2階,shop4,TOKYO_HARUMI
DAISO,よしや中板橋店,35.75674,139.69797,東京都板橋区中板橋16-10よしや中板橋店2階,shop4,TOKYO_HARUMI
DAISO,オリンピックおりーぶ志村坂下店,35.78538,139.68767,東京都板橋区東坂下2-12-8 Olympicおりーぶ志村坂下店内,shop4,TOKYO_HARUMI
DAISO,コモディイイダ東新町店,35.75418,139.68327,東京都板橋区東新町2-8-15 コモディイイダ東新町店2階,shop4,TOKYO_HARUMI
DAISO,よしや常盤台店,35.75785,139.68892,東京都板橋区南常盤台1-30-6 2階,shop4,TOKYO_HARUMI
DAISO,イオン西台店,35.78628,139.67496,東京都板橋区蓮根3-8-12 イオン西台 駅前館4階,shop4,TOKYO_HARUMI
DAISO,ローソンストア100戸越公園駅前店,35.60847,139.71715,東京都品川区戸越6-6-6 三栄第一ビル地下1階,shop4,TOKYO_HARUMI
DAISO,Standard Products 大井町トラックス店,35.6082685,139.7167915,東京都品川区広町2-3725-2 大井町トラックス オフィス棟2階,shop4,TOKYO_HARUMI
DAISO,武蔵小山駅前店,35.61962,139.70526,東京都品川区小山3丁目21-15,shop4,TOKYO_HARUMI
DAISO,西小山駅ビル店,35.61554,139.6989,東京都品川区小山6-3-10 3階,shop4,TOKYO_HARUMI
DAISO,東急ストア目黒店,35.63606,139.71404,東京都品川区上大崎2-24-13 東急ストア目黒2階,shop4,TOKYO_HARUMI
DAISO,五反田TOC店,35.62196,139.71898,東京都品川区西五反田7-22-17 五反田TOCビル地下1階,shop4,TOKYO_HARUMI
DAISO,Standard Products 五反田TOC店,35.62196,139.71898,東京都品川区西五反田7-22-17 五反田TOCビル地下1階,shop4,TOKYO_HARUMI
DAISO,イトーヨーカドー大井町店,35.6072,139.73395,東京都品川区大井1-3-6IY大井町店7階,shop4,TOKYO_HARUMI
DAISO,大崎ニューシティ店,35.62012,139.72948,東京都品川区大崎1-6-5大崎ニューシティ5号館1階,shop4,TOKYO_HARUMI
DAISO,青物横丁駅前店,35.61031,139.74248,東京都品川区南品川2-4-1 1、2階,shop4,TOKYO_HARUMI
DAISO,パトリア品川八潮ショッピングセンター店,35.59917,139.74966,東京都品川区八潮5-5-3パトリア品川八潮SC店2階,shop4,TOKYO_HARUMI
DAISO,戸越銀座店,35.61507,139.71504,東京都品川区平塚1-8-3,shop4,TOKYO_HARUMI
DAISO,ミッテン府中店,35.67078,139.47974,東京都府中市宮町1-41-2 ミッテン府中8階,shop4,TOKYO_OKUTAMA
DAISO,府中四谷SC店,35.66842,139.438,東京都府中市四谷5-23-12府中四谷SC2階,shop4,TOKYO_OKUTAMA
DAISO,島忠府中店,35.67808,139.46786,東京都府中市日鋼町1-26 2階,shop4,TOKYO_OKUTAMA
DAISO,府中車返店,35.66153,139.51151,東京都府中市白糸台5-25,shop4,TOKYO_OKUTAMA
DAISO,ぷらりと京王府中店,35.67246,139.4798,東京都府中市府中町1丁目2番地1ぷらりと京王府中西5階,shop4,TOKYO_OKUTAMA
DAISO,MINANO分倍河原店,35.66759,139.46944,東京都府中市片町3-22-26MINANO分倍河原2階,shop4,TOKYO_OKUTAMA
DAISO,Standard Products イオンモールむさし村山店,35.74655,139.38516,東京都武蔵村山市榎1-1-3 イオンモールむさし村山店2階,shop4,TOKYO_HARUMI
DAISO,武蔵村山榎店,35.74923,139.38341,東京都武蔵村山市榎3-113-6TAIRAYA武蔵村山店2階,shop4,TOKYO_HARUMI
DAISO,武蔵村山本町店,35.75754,139.38283,東京都武蔵村山市本町3-24-1,shop4,TOKYO_HARUMI
DAISO,キラリナ京王吉祥寺店,35.70307,139.5808,東京都武蔵野市吉祥寺南町2丁目1番25号キラリナ京王吉祥寺地下1階,shop4,TOKYO_HARUMI
DAISO,Standard Products ヨドバシ吉祥寺店,35.70472,139.5815,東京都武蔵野市吉祥寺本町1-19-1 ヨドバシ吉祥寺6階,shop4,TOKYO_HARUMI
DAISO,ヨドバシ吉祥寺店,35.70472,139.5815,東京都武蔵野市吉祥寺本町1-19-1 ヨドバシ吉祥寺6階,shop4,TOKYO_HARUMI
DAISO,吉祥寺サンロード店,35.70405,139.57979,東京都武蔵野市吉祥寺本町1-9-10吉祥寺ファミリープラザビル2階,shop4,TOKYO_HARUMI
DAISO,イトーヨーカドー武蔵境店,35.70159,139.54472,東京都武蔵野市境南町2-2-20 イトーヨーカドー武蔵境店東館4階,shop4,TOKYO_HARUMI
DAISO,Standard Products イトーヨーカドー武蔵境店,35.70159,139.54472,東京都武蔵野市境南町2-2-20 イトーヨーカドー武蔵境店東館4階,shop4,TOKYO_HARUMI
DAISO,福生駅前店,35.74202,139.32733,東京都福生市福生768 （2階・3階・4階）,shop4,TOKYO_OKUTAMA
DAISO,メトロ・エム後楽園店,35.70718,139.75084,東京都文京区春日1-2-3 メトロ・エム後楽園店4階,shop4,TOKYO_HARUMI
DAISO,茗荷谷駅前店,35.71796,139.73605,東京都文京区大塚1-4-15 アトラスタワー茗荷谷2階,shop4,TOKYO_HARUMI
DAISO,くすりの福太郎庚申塚店,35.73888,139.72993,東京都豊島区西巣鴨2-6-12,shop4,TOKYO_HARUMI
DAISO,池袋東武店,35.72994,139.71051,東京都豊島区西池袋1-1-25 東武百貨店池袋本店6階,shop4,TOKYO_HARUMI
DAISO,Standard Products 池袋東武店,35.72994,139.71051,東京都豊島区西池袋1-1-25 東武百貨店池袋本店6階,shop4,TOKYO_HARUMI
DAISO,椎名町店,35.72787,139.6931,東京都豊島区長崎2丁目13-15 2階,shop4,TOKYO_HARUMI
DAISO,ラグーン池袋店,35.73034,139.7157,東京都豊島区東池袋1-21-1 ラグーン池袋3階,shop4,TOKYO_HARUMI
DAISO,iTerrace 落合南長崎店,35.72423,139.68275,東京都豊島区南長崎4-5-20iTerrace落合南長崎店地下2階,shop4,TOKYO_HARUMI
DAISO,よしや大塚店,35.73405,139.72847,東京都豊島区北大塚2-24-20 よしや大塚店2階,shop4,TOKYO_HARUMI
DAISO,王子駅前店,35.75397,139.73795,東京都北区王子1-9-3,shop4,TOKYO_HARUMI
DAISO,十条銀座商店街店,35.76381,139.72174,東京都北区十条仲原1-28-12,shop4,TOKYO_HARUMI
DAISO,Standard Products LaLaガーデン赤羽店,35.77945,139.72339,東京都北区赤羽2-14-2 ダイソー3階,shop4,TOKYO_HARUMI
DAISO,LaLaガーデン赤羽店,35.77945,139.72339,東京都北区赤羽2-14-2 ダイソー5階,shop4,TOKYO_HARUMI
DAISO,島忠ホームズ北赤羽店,35.7836,139.69754,東京都北区浮間5-3-24,shop4,TOKYO_HARUMI
DAISO,コーナン王子堀船店,35.75174,139.74391,東京都北区堀船1丁目23番13号,shop4,TOKYO_HARUMI
DAISO,東京ソラマチ店,35.71034,139.8112,東京都墨田区押上1-1-2 東京スカイツリータウン・ソラマチ イーストヤード4階,shop4,TOKYO_HARUMI
DAISO,くすりの福太郎菊川店,35.68981,139.80614,東京都墨田区菊川3-23-4ライツ菊川2階,shop4,TOKYO_HARUMI
DAISO,アルカキット錦糸町店,35.69742,139.81267,東京都墨田区錦糸2-2-1 アルカキット錦糸町店7階,shop4,TOKYO_HARUMI
DAISO,Standard Products アルカキット錦糸町店,35.69742,139.81267,東京都墨田区錦糸2-2-1 アルカキット錦糸町店7階,shop4,TOKYO_HARUMI
DAISO,錦糸町テルミナ店,35.69592,139.81456,東京都墨田区江東橋3-14-5 錦糸町テルミナ4階,shop4,TOKYO_HARUMI
DAISO,ビエラ江東橋店,35.68993,139.81113,東京都墨田区江東橋5丁目5番3号,shop4,TOKYO_HARUMI
DAISO,マルエツ錦糸町店,35.70047,139.80983,東京都墨田区太平1-14-1 マルエツ錦糸町2階,shop4,TOKYO_HARUMI
DAISO,コモディイイダ東向島店,35.71898,139.81374,東京都墨田区東向島1-28-10 コモディイイダ東向島店1階,shop4,TOKYO_HARUMI
DAISO,ベルクス墨田鐘ヶ淵店,35.73088,139.81824,東京都墨田区墨田2丁目36番13号,shop4,TOKYO_HARUMI
DAISO,両国店,35.69429,139.79701,東京都墨田区両国4-30-8,shop4,TOKYO_HARUMI
DAISO,目黒不動店,35.62909,139.71201,東京都目黒区下目黒2-14-16 1階・2階,shop4,TOKYO_HARUMI
DAISO,清水台東急ストア店,35.631,139.70418,東京都目黒区下目黒4-11-18清水台東急ストア 2階,shop4,TOKYO_HARUMI
DAISO,フレル・ウィズ自由が丘店,35.60776,139.67032,東京都目黒区自由が丘1-6-9 フレル・ウィズ自由が丘3階,shop4,TOKYO_HARUMI
DAISO,Standard Products フレル・ウィズ自由が丘店,35.60776,139.67032,東京都目黒区自由が丘1-6-9 フレル・ウィズ自由が丘店3階,shop4,TOKYO_HARUMI
DAISO,学芸大学駅前店,35.6292,139.68626,東京都目黒区鷹番2-20-10 1階・2階,shop4,TOKYO_HARUMI
DAISO,オオゼキ碑文谷店,35.62111,139.6821,東京都目黒区碑文谷4丁目16オオゼキ碑文谷店3階,shop4,TOKYO_HARUMI
DAISO,ガクダイコウカシタ店,35.62666,139.68355,東京都目黒区碑文谷6-7-22 1階,shop4,TOKYO_HARUMI
DAISO,セイムス立川栄町店,35.71729,139.42436,東京都立川市栄町5-37-4 セイムス立川栄町店内,shop4,TOKYO_OKUTAMA
DAISO,立川幸町店,35.72142,139.42908,東京都立川市幸町3-19-1ダイレックス立川幸町2階,shop4,TOKYO_OKUTAMA
DAISO,エキュート立川店,35.69767,139.41368,東京都立川市柴崎町3-1-1エキュート立川店3階,shop4,TOKYO_OKUTAMA
DAISO,立川フロム中武店,35.69992,139.41487,東京都立川市曙町2-11-2 フロム中武4階,shop4,TOKYO_OKUTAMA
DAISO,MEGAドン・キホーテ立川店,35.70065,139.41621,東京都立川市曙町2-18-18MEGAドン・キホーテ立川6階,shop4,TOKYO_OKUTAMA
DAISO,立川富士見町店,35.69119,139.39775,東京都立川市富士見町7-39-11,shop4,TOKYO_OKUTAMA
DAISO,コモディイイダ中村橋店,35.73799,139.63435,東京都練馬区貫井1-18-3 コモディイイダ中村橋店内,shop4,TOKYO_HARUMI
DAISO,富士見台駅前店,35.73541,139.62929,東京都練馬区貫井3-2-7 丸市ビル1階,shop4,TOKYO_HARUMI
DAISO,光が丘IMA店,35.75798,139.62582,東京都練馬区光が丘3丁目9番2号光が丘IMA南館内1階・2階,shop4,TOKYO_HARUMI
DAISO,ピーコックストア高野台店,35.74119,139.61568,東京都練馬区高野台1-7-17ピーコックストア高野台店2階,shop4,TOKYO_HARUMI
DAISO,ローソンストア100上石神井店,35.7297,139.5921,東京都練馬区上石神井2-37-32 第3栄ビル1階,shop4,TOKYO_HARUMI
DAISO,よしや早宮店,35.74756,139.64955,東京都練馬区早宮3-42よしや早宮店2階,shop4,TOKYO_HARUMI
DAISO,練馬中村店,35.72816,139.63957,東京都練馬区中村南3-16-10 2階,shop4,TOKYO_HARUMI
DAISO,練馬土支田店,35.76567,139.6133,東京都練馬区土支田4丁目9-5,shop4,TOKYO_HARUMI
DAISO,練馬駅前店,35.73792,139.65518,東京都練馬区練馬1-3-10 1階,shop4,TOKYO_HARUMI
DAISO,Standard Products 練馬駅前店,35.73792,139.65518,東京都練馬区練馬1-3-10 1階,shop4,TOKYO_HARUMI
,市川商店,35.7129689,138.9344066,東京都あきる野市乙津８６７−２,,TOKYO_OKUTAMA
,秋川 中村おとり店,35.724861,139.2247512,東京都あきる野市五日市,,TOKYO_OKUTAMA
,鮎と渓流 岡野釣具店,35.71986,139.31793,東京都あきる野市小川８１９−６,,TOKYO_OKUTAMA
,わたやつり具店,35.7565,139.3089,東京都羽村市羽東３丁目８−３,,TOKYO_OKUTAMA
,ウラシマ釣具店,35.78037,139.29765,東京都羽村市小作台２丁目２−１８,,TOKYO_OKUTAMA
,竿しば,35.7256112,139.8277765,東京都葛飾区西新小岩３丁目３−１３−７,,TOKYO_HARUMI
,桂釣具店,35.7414965,139.8385912,東京都葛飾区青戸５丁目１２−８,,TOKYO_HARUMI
,毛塚屋,35.7372468,139.8075205,東京都葛飾区堀切４丁目５−２０,,TOKYO_HARUMI
,うつぼや釣具店,35.7256112,139.8277765,東京都葛飾区立石１丁目２２−５ Ｙ’ｓ２４２,,TOKYO_HARUMI
,花形釣具店,35.6810777,139.8489977,東京都江戸川区江戸川３丁目５０,,TOKYO_HARUMI
,釣房釣具店,35.6712448,139.8482676,東京都江戸川区船堀２丁目２−３２,,TOKYO_HARUMI
,つり吉 江戸川店,35.6810777,139.8489977,東京都江戸川区大杉２丁目１１−１７,,TOKYO_HARUMI
,㈲餌島商店,35.7027309,139.8825287,東京都江戸川区大杉３丁目１８−１１,,TOKYO_HARUMI
,㈲釣房商店 釣餌卸,35.6596673,139.8453718,東京都江戸川区南葛西４丁目５−１６ 釣房商店釣餌卸,,TOKYO_HARUMI
,小笠原商店,35.6616199,139.8324972,東京都江戸川区北葛西２丁目１,,TOKYO_HARUMI
,ツールプレイス,35.6601371,139.7669045,東京都江東区１３ ＭＯビル 牡丹1-13-1 MOビル1F,,TOKYO_HARUMI
,ランブルフィツシュ,35.6858243,139.7923357,東京都江東区亀戸７丁目１１−１３,,TOKYO_HARUMI
,hage,35.6684636,139.7740538,東京都江東区常盤２丁目１１−１ 新光社ビル 102,,TOKYO_HARUMI
,釣りえさ自販機,35.6376596,139.7754784,東京都江東区新木場１丁目６−１,,TOKYO_HARUMI
,釣りえさ自販機,35.645947,139.834285,東京都江東区新木場１丁目８,,TOKYO_HARUMI
,釣友,35.6571742,139.7740746,東京都江東区潮見１丁目８−９,,TOKYO_HARUMI
,餌勝商店 葛西橋店,35.6776673,139.7934515,東京都江東区東砂５丁目１７−３,,TOKYO_HARUMI
,清水釣具商会,35.6751679,139.8406058,東京都江東区東砂６丁目２０−９,,TOKYO_HARUMI
,竜雲つり具店,35.64464,139.73558,東京都港区高輪１丁目１−１,,TOKYO_HARUMI
,釣道楽屋ＳＡＢＡＬＯ,35.65759,139.75237,東京都港区芝公園１丁目７−７ 山口ビル 2階,,TOKYO_HARUMI
,studio P.rhythm,35.6715,139.73804,東京都港区赤坂２丁目１５−１５ 赤坂プラザビル2階,,TOKYO_HARUMI
,ナブラ,35.66699,139.71521,東京都港区南青山３丁目８−４０ 2F THE HUB 南青山 nex Inc.,,TOKYO_HARUMI
,釣具アニー,35.74802,139.76935,東京都荒川区東尾久５丁目７−１０ トーア 103 マンション,,TOKYO_HARUMI
,ルアーショップ忍,35.70462,139.4556,東京都国分寺市日吉町３丁目１２−８ ライオンズマンション国立第３ 101,,TOKYO_OKUTAMA
,ルアーショップコング,35.7047,139.48572,東京都国分寺市本多５丁目３−１２ エスティー国分寺,,TOKYO_OKUTAMA
,サンゴ堂 SANGO-DO,35.66128,139.70349,東京都渋谷区渋谷１丁目１７−１４ Acn渋谷ビル 1F,,TOKYO_HARUMI
,The Tacklebox,35.70928,139.48584,東京都小平市上水南町２丁目１３−１７,,TOKYO_OKUTAMA
,金子釣具店,35.70158,139.37932,東京都昭島市玉川町５丁目２−２,,TOKYO_OKUTAMA
,テンポンド,35.71228,139.63872,東京都杉並区阿佐谷北４丁目１６−１０,,TOKYO_HARUMI
,ジャンクフード,35.71367,139.63699,東京都杉並区阿佐谷北６丁目１７−４ メインヴィレッジ阿佐ヶ谷,,TOKYO_HARUMI
,フィッシングショップ 照楽園,35.70641,139.61739,東京都杉並区上荻１丁目１９−１０ 上荻ホワイトビル B1,,TOKYO_HARUMI
,Anglo & Company,35.59864,139.64857,東京都世田谷区玉堤２丁目３−９,,TOKYO_HARUMI
,ビバフィッシング・ハラシマ,35.65444,139.61253,東京都世田谷区千歳台５丁目１−１８ 第二サンコーポ,,TOKYO_HARUMI
,高修釣具,35.65984,139.62375,東京都世田谷区八幡山１丁目２−３,,TOKYO_HARUMI
,フィッシングパラダイス,35.63589,139.6658,東京都世田谷区野沢２丁目３３−５ グランドメゾン野沢,,TOKYO_HARUMI
,吉川つり具店,35.78104,139.28802,東京都青梅市河辺町５丁目２５−１６,,TOKYO_OKUTAMA
,甲州屋 青梅店,35.78954,139.25357,東京都青梅市上町３４０,,TOKYO_OKUTAMA
,甲州屋 新町店,35.78588,139.29317,東京都青梅市新町１丁目１−１９,,TOKYO_OKUTAMA
,三好屋釣具店,35.78933,139.26233,東京都青梅市西分町２丁目６１,,TOKYO_OKUTAMA
,川よし釣具店,35.78517,139.27165,東京都青梅市千ヶ瀬町４丁目２５９,,TOKYO_OKUTAMA
,（有）横手商店,35.80498,139.20514,東京都青梅市沢井１丁目４０８,,TOKYO_OKUTAMA
,キーポン,35.7041,139.77271,東京都千代田区外神田５丁目５−５ 沼田ビル,,TOKYO_HARUMI
,トラウトアイランド,35.7041,139.77271,東京都千代田区外神田５丁目５−５−１０,,TOKYO_HARUMI
,神田釣り具 factory360°,35.69791,139.75945,東京都千代田区神田猿楽町１丁目３−１１,,TOKYO_HARUMI
,Lure Fishing Shop ヤマグチヤ,35.69321,139.76321,東京都千代田区神田錦町２丁目２−１４,,TOKYO_HARUMI
,神田つり具の櫻井,35.69097,139.7728,東京都千代田区鍛冶町１丁目８−１ B1,,TOKYO_HARUMI
,キャプテン A クラフト,35.7882371,139.7710016,東京都足立区一ツ家１丁目２２−１９,,TOKYO_HARUMI
,フィッシングフールグランパ,35.8040499,139.7877411,東京都足立区大谷田５丁目２２−１１,,TOKYO_HARUMI
,日の丸釣具 保木間店,35.7882371,139.7710016,東京都足立区東保木間２丁目３−５ 政和,,TOKYO_HARUMI
,六木釣具,35.8144797,139.8222409,東京都足立区六木３丁目９−６,,TOKYO_HARUMI
,つるや釣具店,35.70678,139.79048,東京都台東区寿１丁目５−１ 郷ビル 2F,,TOKYO_HARUMI
,クレオール,35.70466,139.784,東京都台東区小島１丁目１７−７,,TOKYO_HARUMI
,Line Slack ラインスラック,35.71914,139.79982,東京都台東区浅草６丁目４０−４,,TOKYO_HARUMI
,ルアーショップシラネ,35.70513,139.79282,東京都台東区蔵前３丁目２１−１０,,TOKYO_HARUMI
,釣り餌のマルヤ,35.70518,139.78093,東京都台東区台東３丁目３０−２,,TOKYO_HARUMI
,東作本店,35.71062,139.78235,東京都台東区東上野３丁目３２−１３,,TOKYO_HARUMI
,プロショップトモ,35.71315,139.78133,東京都台東区東上野５丁目７−２,,TOKYO_HARUMI
,浅草釣具店,35.71914,139.78699,東京都台東区入谷１丁目２−２,,TOKYO_HARUMI
,ウェイブ大田店,35.56895,139.68263,東京都大田区下丸子４丁目１７−１ 長野ハイム 1F,,TOKYO_HARUMI
,つり具 DAIEI,35.56416,139.70985,東京都大田区西蒲田７丁目１３−１ TRUST VALUE 蒲田,,TOKYO_HARUMI
,Lure Shop FLOW,35.55885,139.73051,東京都大田区西糀谷１丁目１４−３,,TOKYO_HARUMI
,ハネダクラフト,35.56244,139.70132,東京都大田区多摩川１丁目４−６ 泉多摩川マンション,,TOKYO_HARUMI
,キャスターハウス,35.58701,139.73047,東京都大田区大森北１丁目１７−５,,TOKYO_HARUMI
,バスメイト BASSMATE,35.56399,139.70657,東京都大田区東矢口３丁目６−７,,TOKYO_HARUMI
,竿好工房,35.55393,139.72894,東京都大田区南蒲田３丁目３−１５−７,,TOKYO_HARUMI
,RE-Born ガレージ,35.58582,139.68004,東京都大田区北嶺町３６−１４,,TOKYO_HARUMI
,春海屋釣具店,35.6624568,139.7288494,東京都中央区月島２丁目１４−１０,,TOKYO_HARUMI
,鱸屋,35.69224,139.77972,東京都中央区日本橋小伝馬町１６−７ STビル,,TOKYO_HARUMI
,TRANSCENDENCE,35.72849,139.63651,東京都中野区上鷺宮１丁目９−６,,TOKYO_HARUMI
,t-Route 中野坂上本店,35.7007,139.68562,東京都中野区中央１丁目２６−１ 1階,,TOKYO_HARUMI
,玉屋釣具店,35.65513,139.56653,東京都調布市菊野台１丁目１８−１,,TOKYO_HARUMI
,釣具 小平商店,35.67874,139.55566,東京都調布市深大寺東町８丁目１８−１,,TOKYO_HARUMI
,土方つり具店,35.75709,139.4691,東京都東村山市本町３丁目２−６,,TOKYO_HARUMI
,釣具の浮三,35.73973,139.43993,東京都東大和市向原２丁目１０４７−４,,TOKYO_OKUTAMA
,旭が丘釣具センター,35.65907,139.36394,東京都日野市旭が丘５丁目１１−１２ コーポ５旭ケ丘,,TOKYO_OKUTAMA
,車屋釣り具店,35.67415,139.42026,東京都日野市万願寺１丁目９−１０,,TOKYO_OKUTAMA
,ZENIYAルアーショップ,35.6575,139.33357,東京都八王子市寺町４９,,TOKYO_OKUTAMA
,湖舟,35.63773,139.31732,東京都八王子市小比企町１８４０−１２,,TOKYO_OKUTAMA
,フェニックスつり具店,35.6256,139.39674,東京都八王子市松木３４−７,,TOKYO_OKUTAMA
,バスメイトインフィニティ,35.6598,139.31676,東京都八王子市千人町１丁目２−１９ Ⅱ２F,,TOKYO_OKUTAMA
,江川釣具店,35.66171,139.32858,東京都八王子市大横町１４−１５,,TOKYO_OKUTAMA
,GARA-Gee ガレイジー,35.6383511,139.3915749,東京都八王子市堀之内７５７,,TOKYO_OKUTAMA
,ギル 五反田店,35.62189,139.72157,東京都品川区西五反田８丁目５−１ 1階,,TOKYO_HARUMI
,浜川,35.59758,139.73862,東京都品川区南大井１丁目３,,TOKYO_HARUMI
,フライショップリバーランド,35.66966,139.47516,東京都府中市宮西町５丁目７−１ 矢島マンション,,TOKYO_OKUTAMA
,遠山つり具店,35.67754,139.51787,東京都府中市朝日町２丁目３０−３,,TOKYO_OKUTAMA
,釣道具まるかつ,35.71446,139.55363,東京都武蔵野市関前３丁目２２−１０ プレザントヒルズ 1F,,TOKYO_HARUMI
,吉や,35.70214,139.58188,東京都武蔵野市吉祥寺南町２丁目５−９,,TOKYO_HARUMI
,海吉 UMIKITI,35.70405,139.58179,東京都武蔵野市吉祥寺本町１丁目２３−３ 富福ビル 2F,,TOKYO_HARUMI
,Loop to Loop,35.70407,139.54466,東京都武蔵野市境１丁目４−３ イーストフィールド １F,,TOKYO_HARUMI
,釣道楽フルヤ,35.73508,139.32146,東京都福生市北田園２丁目１３−７,,TOKYO_OKUTAMA
,（有）つり具すがも,35.72765,139.74483,東京都文京区千石１丁目２８−６,,TOKYO_HARUMI
,タックルアイランド 池袋店,35.73351,139.71101,東京都豊島区池袋２丁目４７−６ 第２オンダビル,,TOKYO_HARUMI
,ハーミット,35.73175,139.72517,東京都豊島区東池袋２丁目１５−６ 幸ビル 2F,,TOKYO_HARUMI
,滝本釣具店,35.78286,139.71921,東京都北区赤羽３丁目３−１,,TOKYO_HARUMI
,釣具 山田,35.76247,139.74336,東京都北区豊島７丁目６−２,,TOKYO_HARUMI
,竿辰本店,35.6988597,139.7899325,東京都墨田区業平２丁目１６−９,,TOKYO_HARUMI
,釣具のスーパーディスカウント大和屋,35.6966989,139.7789461,東京都墨田区石原３丁目２３−１０,,TOKYO_HARUMI
,フィッシング・ゼロ,35.6988597,139.7899325,東京都墨田区石原４丁目３２−５ 宮林ビル,,TOKYO_HARUMI
,トノムラ,35.7300095,139.7834093,東京都墨田区東向島２丁目２３,,TOKYO_HARUMI
,Oldememories,35.63528,139.69154,東京都目黒区五本木２丁目１４−１０ B1F,,TOKYO_HARUMI